Date,T,H,V,RA,SN,TS,FG,PM25,PM10,So2,No2,Co,O3,AQI,AQI Quality
1/01/15,-3.2,25,9.1,0,0,0,0,41,66,23,49,1.09,29,61,Good
2/01/15,-1.5,30,8,0,0,0,0,48,78,30,58,1.28,23,69,Good
3/01/15,-3.1,45,5.4,0,0,0,0,148,193,66,100,3.24,8,194,Moderately Polluted
4/01/15,2.2,37,5.6,0,0,0,0,173,224,74,119,3.67,12,217,Heavily Polluted
5/01/15,1.7,22,20,0,0,0,0,106,156,57,70,2.89,30,154,Moderately Polluted
6/01/15,-1.1,23,10.7,0,0,0,0,34,51,22,40,0.8,37,53,Good
7/01/15,-2.6,39,4.3,0,0,0,0,61,89,38,64,1.77,14,85,Good
8/01/15,-2.5,50,7.8,0,0,0,0,124,151,49,91,2.98,7,162,Moderately Polluted
9/01/15,-0.9,32,9.8,0,0,0,0,73,92,32,61,1.57,28,99,Good
10/01/15,4.8,22,15,0,0,0,0,146,174,54,94,2.8,17,191,Moderately Polluted
11/01/15,0.6,36,6.5,0,0,0,0,37,55,18,46,0.89,33,56,Good
12/01/15,-2.3,55,6.3,0,0,0,0,116,145,42,72,2.18,12,154,Moderately Polluted
13/01/15,-2.6,69,5.6,0,0,0,0,155,183,54,91,2.81,7,203,Heavily Polluted
14/01/15,-3.1,65,5.7,0,1,0,1,213,250,54,100,3.09,4,264,Heavily Polluted
15/01/15,-3.5,81,4.3,0,0,0,1,328,375,34,111,4.73,5,372,Severely Polluted
16/01/15,-1.4,28,25.4,0,0,0,0,111,119,9,41,1.63,42,138,Lightly Polluted
17/01/15,-1.9,38,5.4,0,0,0,0,59,71,29,57,1.2,25,83,Good
18/01/15,0.4,32,18.5,0,0,0,0,68,109,29,51,1.49,35,112,Lightly Polluted
19/01/15,-0.9,40,6.9,0,0,0,0,42,73,25,58,1.28,27,66,Good
20/01/15,-0.8,50,8.3,0,0,0,0,84,107,43,74,1.99,11,112,Lightly Polluted
21/01/15,-0.4,31,10.4,0,0,0,0,19,23,15,32,0.63,43,33,Excellent
22/01/15,-2.6,53,5,0,0,0,0,97,120,39,79,2,13,129,Lightly Polluted
23/01/15,0.3,43,6.7,0,0,0,0,206,232,61,120,3.56,6,257,Heavily Polluted
24/01/15,0.7,63,5.2,0,1,0,0,95,145,32,69,2,17,130,Lightly Polluted
25/01/15,-0.7,78,5.4,0,0,0,1,134,99,15,60,1.74,11,175,Moderately Polluted
26/01/15,-2.2,31,19.3,0,0,0,1,102,106,10,42,1.67,30,136,Lightly Polluted
27/01/15,-4.3,30,10,0,0,0,0,16,28,14,29,0.62,40,33,Excellent
28/01/15,-1.8,34,9.1,0,1,0,0,36,47,21,49,1.04,24,52,Good
29/01/15,-1.3,29,20.9,0,0,0,0,62,77,21,41,1.2,33,89,Good
30/01/15,-3.1,24,11.1,0,0,0,0,11,21,12,25,0.53,48,27,Excellent
31/01/15,-3.1,25,7.8,0,0,0,0,29,42,19,42,0.84,32,43,Excellent
1/02/15,-3,32,5.9,0,0,0,0,76,98,40,67,1.9,13,103,Lightly Polluted
2/02/15,-0.8,47,5.9,0,1,0,0,139,155,56,86,2.46,11,183,Moderately Polluted
3/02/15,2.3,33,22.6,0,0,0,0,117,78,28,61,1.91,34,155,Moderately Polluted
4/02/15,1.3,27,20.2,0,0,0,0,10,32,9,19,0.38,61,36,Excellent
5/02/15,2.4,30,13.1,0,0,0,0,27,35,16,42,0.71,47,45,Excellent
6/02/15,3.6,29,10.4,0,0,0,0,65,78,29,72,1.78,24,88,Good
7/02/15,-2.1,20,19.3,0,0,0,0,13,26,10,22,0.43,65,37,Excellent
8/02/15,-4.3,23,6.9,0,0,0,0,23,31,16,29,0.58,50,44,Excellent
9/02/15,-1.6,28,8.3,0,0,0,0,108,126,47,78,1.9,17,143,Lightly Polluted
10/02/15,3.4,25,7.2,0,0,0,0,122,138,47,93,2.39,24,162,Moderately Polluted
11/02/15,2.8,27,9.1,0,0,0,0,41,56,22,43,1.01,52,62,Good
12/02/15,0.6,40,6.1,0,0,0,0,31,41,16,43,0.77,53,50,Excellent
13/02/15,0.7,46,5.9,0,0,0,0,120,131,33,83,2.14,24,157,Moderately Polluted
14/02/15,2.8,45,4.3,0,0,0,0,236,238,55,109,3.16,30,287,Heavily Polluted
15/02/15,2.7,46,7,0,0,0,0,284,307,78,113,4.41,16,335,Severely Polluted
16/02/15,6.1,28,19.1,0,0,0,0,121,155,30,54,2.27,36,164,Moderately Polluted
17/02/15,4.5,30,10.2,0,0,0,0,21,41,9,28,0.53,54,42,Excellent
18/02/15,4.2,30,9.8,0,0,0,0,45,56,18,30,0.74,58,67,Good
19/02/15,1.8,64,8.5,1,1,0,1,217,248,54,41,1.49,39,265,Heavily Polluted
20/02/15,0.2,98,5.2,0,1,0,1,138,20,8,40,1.51,23,181,Moderately Polluted
21/02/15,-0.2,39,25.6,0,0,0,1,152,172,8,31,1.63,31,279,Heavily Polluted
22/02/15,-0.8,28,22,0,0,0,0,41,276,4,14,0.39,57,198,Moderately Polluted
23/02/15,0.3,39,8.3,0,0,0,0,55,113,20,33,0.79,41,94,Good
24/02/15,2.1,66,7.6,0,0,0,0,153,213,33,58,2.12,28,198,Moderately Polluted
25/02/15,1.4,20,17.4,0,0,0,0,74,105,9,32,1.04,47,104,Lightly Polluted
26/02/15,1.4,20,14.8,0,0,0,0,12,22,6,18,0.39,61,31,Excellent
27/02/15,-0.3,49,10.2,0,1,0,0,23,37,13,29,0.67,44,40,Excellent
28/02/15,-1.3,86,6.7,0,1,0,0,123,126,7,40,1.28,21,162,Moderately Polluted
1/03/15,5.1,28,12.8,0,0,0,0,44,90,11,39,0.89,45,73,Good
2/03/15,7.7,18,23.3,0,0,0,0,53,82,17,44,1.36,43,86,Good
3/03/15,0.4,13,26.3,0,0,0,0,7,48,2,10,0.28,70,49,Excellent
4/03/15,0.7,18,7.8,0,0,0,0,24,41,12,30,0.64,49,42,Excellent
5/03/15,2.2,29,9.4,0,0,0,0,110,129,46,59,1.56,34,144,Lightly Polluted
6/03/15,2.7,46,6.3,0,0,0,0,195,217,59,82,2.15,28,246,Heavily Polluted
7/03/15,5.8,54,7.2,0,0,0,0,231,245,40,82,2.36,42,282,Heavily Polluted
8/03/15,5.6,19,21.7,0,0,0,0,128,148,21,52,1.43,44,170,Moderately Polluted
9/03/15,-0.8,13,13.9,0,0,0,0,7,27,2,14,0.31,71,40,Excellent
10/03/15,1.9,20,9.8,0,0,0,0,29,45,12,38,0.75,50,48,Excellent
11/03/15,4.5,19,11.3,0,0,0,0,36,51,13,46,0.95,44,56,Good
12/03/15,5.3,30,6.9,0,0,0,0,61,78,20,59,1.17,46,83,Good
13/03/15,6.1,24,9.1,0,0,0,0,63,81,20,59,1.3,39,89,Good
14/03/15,4.4,47,6.7,0,0,0,0,96,119,39,83,1.87,16,129,Lightly Polluted
15/03/15,11.2,22,10.4,0,0,0,0,102,198,26,72,1.71,44,147,Lightly Polluted
16/03/15,8.6,72,7,0,0,0,0,207,294,32,85,2.02,18,255,Heavily Polluted
17/03/15,10.7,36,10.6,0,0,0,1,182,222,15,57,1.7,52,226,Heavily Polluted
18/03/15,7.7,33,8.5,0,0,0,0,46,87,12,49,0.77,51,71,Good
19/03/15,12.4,22,9.6,0,0,0,0,80,203,10,69,1.09,39,134,Lightly Polluted
20/03/15,15.3,11,18,0,0,0,0,43,198,5,45,0.55,56,125,Lightly Polluted
21/03/15,14.6,8,20.9,0,0,0,0,18,103,3,27,0.35,66,77,Good
22/03/15,7.6,21,11.5,0,0,0,0,19,104,3,20,0.34,70,77,Good
23/03/15,11.4,17,12.6,0,0,0,0,34,84,6,43,0.69,46,66,Good
24/03/15,9.4,33,8,0,0,0,0,76,122,28,67,1.82,45,106,Lightly Polluted
25/03/15,12,41,9.1,0,0,0,0,122,158,40,78,1.83,52,162,Moderately Polluted
26/03/15,14.8,34,11.9,0,0,0,0,105,153,21,56,1.04,77,140,Lightly Polluted
27/03/15,15.3,41,10.6,0,0,0,0,105,146,30,54,1.01,80,139,Lightly Polluted
28/03/15,16,33,15.7,0,0,0,0,63,276,8,33,0.53,68,188,Moderately Polluted
29/03/15,17.1,40,11.9,0,0,0,0,74,282,17,66,1.05,51,202,Heavily Polluted
30/03/15,17.9,53,10.4,1,0,0,0,148,337,29,62,1.4,73,220,Heavily Polluted
31/03/15,9.2,83,7.8,1,0,0,0,151,191,21,53,2.33,47,199,Moderately Polluted
1/04/15,9.7,49,9.1,1,0,0,0,58,78,4,48,0.72,36,81,Good
2/04/15,9.6,68,11.1,1,0,0,0,35,18,3,25,0.7,65,55,Good
3/04/15,12.2,49,13,0,0,0,0,28,40,3,26,0.57,88,50,Excellent
4/04/15,13.1,53,8.7,0,0,0,0,62,74,4,36,0.64,90,85,Good
5/04/15,11.2,23,26.1,0,0,0,0,53,98,2,29,0.46,66,91,Good
6/04/15,8.7,21,13,0,0,0,0,20,32,2,13,0.29,70,40,Excellent
7/04/15,8.9,25,12.8,0,0,0,0,22,39,3,22,0.35,68,43,Excellent
8/04/15,9,53,10.6,0,0,0,0,97,123,12,48,0.85,51,129,Lightly Polluted
9/04/15,12.1,57,9.6,0,0,0,0,161,189,16,58,1.19,57,210,Heavily Polluted
10/04/15,15.3,51,9.3,1,0,0,0,150,185,8,61,1.07,60,191,Moderately Polluted
11/04/15,12.9,60,16.3,1,0,1,0,141,76,16,46,1.75,73,182,Moderately Polluted
12/04/15,7.1,47,27.2,1,0,0,0,11,26,2,12,0.26,76,40,Excellent
13/04/15,11.9,47,11.1,0,0,0,0,26,38,2,22,0.37,96,53,Good
14/04/15,17.3,35,9.1,0,0,0,0,54,83,5,54,0.71,66,75,Good
15/04/15,18.1,26,26.7,0,0,0,0,108,285,14,70,0.94,54,215,Heavily Polluted
16/04/15,15.9,19,20.9,0,0,0,0,25,132,3,13,0.24,86,105,Lightly Polluted
17/04/15,18.5,35,8.9,0,0,0,0,67,173,16,54,0.67,54,113,Lightly Polluted
18/04/15,17.9,57,6.7,1,0,0,0,137,272,26,88,1.5,48,181,Moderately Polluted
19/04/15,15.1,35,12.2,0,0,0,0,59,132,5,29,0.61,76,94,Good
20/04/15,17.1,34,13.7,0,0,0,0,66,112,6,43,0.78,62,93,Good
21/04/15,17.9,32,11.1,0,0,0,0,62,129,8,43,0.64,68,100,Good
22/04/15,19.8,32,13.7,0,0,0,0,43,100,8,48,0.61,70,76,Good
23/04/15,18.5,30,10.2,0,0,0,0,54,107,10,49,0.62,60,84,Good
24/04/15,19.1,32,12,0,0,0,0,51,155,7,47,0.63,75,103,Lightly Polluted
25/04/15,24.6,31,13.7,0,0,0,0,71,158,12,64,0.84,95,108,Lightly Polluted
26/04/15,24.9,44,13.3,0,0,0,0,98,181,19,52,0.97,122,144,Lightly Polluted
27/04/15,20.8,63,10,1,0,1,0,81,133,12,45,0.9,103,116,Lightly Polluted
28/04/15,20,61,8,0,0,0,0,43,68,5,38,0.71,85,63,Good
29/04/15,21.8,62,8.7,0,0,0,0,114,135,10,48,1.32,100,151,Moderately Polluted
30/04/15,23.3,55,11.5,0,0,0,0,114,146,11,43,1.07,123,159,Moderately Polluted
1/05/15,16.9,77,13.1,1,0,0,0,125,140,12,45,1.06,67,162,Moderately Polluted
2/05/15,19.6,60,10.6,0,0,0,0,45,68,2,29,0.56,75,67,Good
3/05/15,18.8,15,24.1,0,0,0,0,41,95,2,24,0.42,75,86,Good
4/05/15,19,26,16.1,0,0,0,0,22,64,4,20,0.3,90,56,Good
5/05/15,20.4,20,11.3,0,0,0,0,43,93,7,36,0.48,74,75,Good
6/05/15,17.1,22,10.9,0,0,0,0,19,70,3,23,0.31,79,59,Good
7/05/15,19.3,31,11.5,1,0,0,0,41,128,6,36,0.55,75,90,Good
8/05/15,18.3,48,12.2,0,0,0,0,52,115,11,36,1.01,86,88,Good
9/05/15,12.7,63,5.9,1,0,0,0,39,51,6,32,1.03,44,57,Good
10/05/15,9.7,87,9.4,1,0,0,0,34,34,4,45,1.31,26,50,Excellent
11/05/15,15.4,47,17,1,0,0,0,24,19,2,30,0.82,45,42,Excellent
12/05/15,18.1,51,9.6,0,0,0,0,19,44,2,40,0.5,73,47,Excellent
13/05/15,23.5,35,17.2,0,0,0,0,56,133,3,65,0.77,70,95,Good
14/05/15,22.1,29,10.9,0,0,0,0,19,61,4,29,0.35,82,57,Good
15/05/15,19.8,38,10,1,0,0,0,22,47,2,25,0.38,88,47,Excellent
16/05/15,23.9,35,13.7,0,0,0,0,46,95,8,42,0.67,102,78,Good
17/05/15,22.4,71,10,1,0,0,0,126,182,15,42,1.15,111,167,Moderately Polluted
18/05/15,22.8,15,21.3,0,0,0,0,55,92,3,32,0.55,70,96,Good
19/05/15,21.4,24,23.3,0,0,0,0,11,49,2,16,0.27,81,51,Good
20/05/15,23.7,28,13.9,0,0,0,0,15,37,2,22,0.31,85,46,Excellent
21/05/15,22.6,37,14.1,0,0,0,0,33,83,5,42,0.51,89,71,Good
22/05/15,23.2,43,7.8,0,0,0,0,52,89,11,41,0.76,144,103,Lightly Polluted
23/05/15,25.2,47,9.1,0,0,0,0,94,139,15,53,0.99,136,142,Lightly Polluted
24/05/15,26.8,42,10.4,0,0,0,0,114,164,16,56,1.21,134,170,Moderately Polluted
25/05/15,27.9,41,12.8,0,0,0,0,101,165,23,46,1.15,168,155,Moderately Polluted
26/05/15,27.9,42,15.4,0,0,0,0,87,148,18,38,0.91,158,143,Lightly Polluted
27/05/15,26.3,50,12,0,0,0,0,91,141,11,33,0.86,150,135,Lightly Polluted
28/05/15,25.8,54,11.1,1,0,0,0,116,151,23,36,1.16,145,157,Moderately Polluted
29/05/15,23.7,61,10,1,0,0,0,61,93,5,42,0.8,92,95,Good
30/05/15,24.6,48,11.1,0,0,0,0,54,90,6,39,0.75,101,94,Good
31/05/15,28.9,43,13.1,0,0,0,0,54,101,14,43,0.88,115,102,Lightly Polluted
1/06/15,27.3,55,8.3,1,0,0,0,87,166,14,46,1,138,128,Lightly Polluted
2/06/15,26.4,23,11.9,0,0,0,0,29,62,4,25,0.54,77,63,Good
3/06/15,27.5,24,10.4,1,0,0,0,32,100,6,35,0.52,85,79,Good
4/06/15,18.7,83,7.6,1,0,0,1,50,89,6,54,3.42,49,81,Good
5/06/15,24.6,52,10.9,1,0,1,0,48,51,5,45,6.82,41,71,Good
6/06/15,22.6,54,11.5,1,0,1,0,25,61,3,31,5.01,89,68,Good
7/06/15,22.8,38,10.2,1,0,0,0,13,32,3,29,2.59,53,42,Excellent
8/06/15,25.3,38,10.7,1,0,0,0,18,34,3,35,0.45,61,42,Excellent
9/06/15,24.5,55,11.5,1,0,1,0,48,86,14,49,1.07,98,82,Good
10/06/15,20.4,83,7.4,1,0,1,0,72,71,4,33,1.11,75,100,Good
11/06/15,24.3,41,18.7,0,0,0,0,20,25,2,21,0.56,65,42,Excellent
12/06/15,24.7,44,24.4,1,0,0,0,7,22,3,21,0.41,70,36,Excellent
13/06/15,22.6,67,10,1,0,1,0,11,26,3,18,0.44,88,46,Excellent
14/06/15,26.4,51,7.8,0,0,0,0,19,36,3,28,0.5,95,56,Good
15/06/15,26.8,53,9.3,0,0,0,0,84,120,15,39,1.24,144,130,Lightly Polluted
16/06/15,26.2,57,9.6,1,0,0,0,104,143,11,50,1.16,133,160,Moderately Polluted
17/06/15,25.6,60,7.8,1,0,1,0,41,65,2,34,0.75,111,79,Good
18/06/15,27.5,28,14.6,1,0,0,0,19,32,2,27,0.48,64,45,Excellent
19/06/15,19.6,78,7.6,1,0,1,0,14,33,2,24,0.5,50,35,Excellent
20/06/15,26.2,50,7.4,0,0,0,0,22,39,2,37,0.62,59,52,Good
21/06/15,26.7,48,8.9,0,0,0,0,41,73,4,39,0.62,127,94,Good
22/06/15,26.7,56,9.6,1,0,0,0,89,117,16,38,1.09,144,136,Lightly Polluted
23/06/15,27.6,58,10.6,0,0,0,0,181,178,15,39,1.66,151,234,Heavily Polluted
24/06/15,24.2,72,7.6,1,0,0,0,121,123,9,43,1.12,75,160,Moderately Polluted
25/06/15,24.4,74,6.7,1,0,1,0,124,111,6,50,1.05,70,164,Moderately Polluted
26/06/15,24.2,80,7.4,1,0,1,0,105,22,2,23,0.89,133,145,Lightly Polluted
27/06/15,25.9,74,5.2,0,0,0,0,88,51,4,32,0.83,101,124,Lightly Polluted
28/06/15,27.1,73,9.1,0,0,0,0,147,57,7,34,1.22,123,192,Moderately Polluted
29/06/15,21.1,84,10,1,0,0,0,118,39,5,41,1.09,52,154,Moderately Polluted
30/06/15,21.3,67,11.5,1,0,0,0,14,20,2,26,0.38,58,33,Excellent
1/07/15,24.6,50,10.9,1,0,0,0,18,39,2,34,0.43,46,41,Excellent
2/07/15,26.3,38,10,0,0,0,0,8,20,4,29,0.33,47,29,Excellent
3/07/15,25.6,42,9.3,1,0,0,0,23,59,9,33,0.89,96,72,Good
4/07/15,21.9,62,6.3,1,0,0,0,32,59,5,44,0.72,58,61,Good
5/07/15,24.9,56,8.9,0,0,0,0,62,71,9,36,0.99,115,106,Lightly Polluted
6/07/15,26.4,53,8.3,0,0,0,0,68,75,10,33,1.1,130,119,Lightly Polluted
7/07/15,27.2,54,9.8,0,0,0,0,67,85,7,32,0.88,131,115,Lightly Polluted
8/07/15,27.8,57,9.1,0,0,0,0,126,132,7,34,1.15,129,173,Moderately Polluted
9/07/15,28.1,49,9.6,0,0,0,0,72,92,10,36,0.83,128,127,Lightly Polluted
10/07/15,28.1,57,9.1,0,0,0,0,49,82,8,32,0.68,120,96,Good
11/07/15,29.2,58,7.4,0,0,0,0,102,125,9,34,1.05,140,148,Lightly Polluted
12/07/15,29.9,55,7.4,1,0,1,0,107,158,5,46,0.92,146,170,Moderately Polluted
13/07/15,32.8,37,11.5,1,0,1,0,49,83,2,43,0.62,150,112,Lightly Polluted
14/07/15,30.4,41,11.9,1,0,0,0,35,65,4,30,0.6,149,103,Lightly Polluted
15/07/15,26.9,59,13,1,0,1,0,34,61,3,46,0.62,87,62,Good
16/07/15,23.7,76,12.8,1,0,1,0,36,47,2,29,0.67,80,54,Good
17/07/15,23.7,80,8.9,1,0,1,0,33,41,2,30,0.74,58,48,Excellent
18/07/15,23.6,85,7,1,0,1,1,48,31,2,25,0.78,94,72,Good
19/07/15,23.6,90,6.9,1,0,1,0,64,33,2,31,0.87,71,87,Good
20/07/15,25.6,82,7.6,1,0,0,0,83,48,2,31,0.88,66,111,Lightly Polluted
21/07/15,25.2,85,6.9,1,0,1,0,140,75,2,26,0.99,119,184,Moderately Polluted
22/07/15,26.3,80,7.2,1,0,1,0,60,40,2,31,0.68,94,95,Good
23/07/15,26,80,5.2,0,0,0,0,38,40,2,43,0.77,58,61,Good
24/07/15,26.4,73,6.5,0,0,0,0,46,72,2,43,0.84,71,80,Good
25/07/15,28.9,68,7.6,0,0,0,0,84,99,2,37,0.98,117,120,Lightly Polluted
26/07/15,29.6,67,5.2,1,0,0,0,101,119,3,30,0.97,127,145,Lightly Polluted
27/07/15,27.4,78,9.6,1,0,1,0,77,99,2,32,0.91,118,111,Lightly Polluted
28/07/15,27.1,79,5.7,1,0,0,0,47,39,2,26,0.75,102,76,Good
29/07/15,28.2,79,8.3,1,0,0,0,80,86,2,33,0.89,115,108,Lightly Polluted
30/07/15,23.8,88,8.1,1,0,1,0,42,48,2,26,0.89,83,68,Good
31/07/15,26.6,76,6.3,0,0,0,0,24,31,2,24,0.64,93,50,Excellent
1/08/15,24.7,91,6.1,1,0,1,0,65,77,2,44,1.22,53,88,Good
2/08/15,26.5,87,5.9,0,0,0,0,69,57,2,26,1.14,82,94,Good
3/08/15,23.5,75,10.9,1,0,0,0,64,44,3,30,1.09,46,91,Good
4/08/15,27.2,64,7.8,0,0,0,0,17,45,3,30,0.51,96,60,Good
5/08/15,26,74,9.8,1,0,1,0,62,95,3,39,0.96,84,98,Good
6/08/15,26.2,77,7.2,0,0,0,0,53,77,2,28,0.76,106,88,Good
7/08/15,23.9,85,9.4,1,0,1,0,92,107,3,32,1.07,98,132,Lightly Polluted
8/08/15,25.6,74,5.9,0,0,0,0,36,51,2,31,0.68,93,65,Good
9/08/15,28.1,68,5.9,0,0,0,0,52,78,2,34,0.78,117,98,Good
10/08/15,29,63,6.5,0,0,0,0,40,67,2,37,0.7,100,76,Good
11/08/15,28.2,70,8,1,0,0,0,91,121,5,35,1.42,122,140,Lightly Polluted
12/08/15,29.3,64,8.1,0,0,0,0,76,120,4,32,1.03,148,124,Lightly Polluted
13/08/15,29,68,8.3,0,0,0,0,119,160,6,38,1.24,158,170,Moderately Polluted
14/08/15,26.8,55,12.2,0,0,0,0,58,88,3,31,0.8,92,88,Good
15/08/15,27.1,51,8.3,0,0,0,0,22,48,3,33,0.56,84,57,Good
16/08/15,28.3,59,9.1,0,0,0,0,33,83,5,38,0.7,147,110,Lightly Polluted
17/08/15,27.7,59,8.1,0,0,0,0,78,176,7,38,1,127,131,Lightly Polluted
18/08/15,25.2,67,8.5,1,0,0,0,50,87,2,32,0.77,106,83,Good
19/08/15,23.3,77,8.1,1,0,0,0,49,63,2,35,0.75,89,75,Good
20/08/15,26,55,9.6,0,0,1,0,33,51,2,24,0.61,100,66,Good
21/08/15,26.1,56,7.6,0,0,0,0,12,31,2,22,0.43,99,55,Good
22/08/15,25.9,61,10.7,1,0,1,0,14,31,3,20,0.58,71,40,Excellent
23/08/15,21.8,83,8.3,1,0,0,0,23,35,3,21,0.82,67,44,Excellent
24/08/15,23.9,73,7,1,0,0,0,12,24,2,19,0.46,62,33,Excellent
25/08/15,25.2,65,8.7,0,0,0,0,13,23,2,21,0.46,58,33,Excellent
26/08/15,25.8,61,8.5,1,0,0,0,10,21,2,21,0.44,64,36,Excellent
27/08/15,25.1,62,7.4,0,0,0,0,9,22,2,22,0.44,61,32,Excellent
28/08/15,26.3,53,9.1,0,0,0,0,15,31,2,23,0.47,72,41,Excellent
29/08/15,25.3,62,8.1,1,0,0,0,26,47,2,20,0.6,117,70,Good
30/08/15,21.6,82,7.4,1,0,1,0,26,35,2,23,0.94,68,45,Excellent
31/08/15,20.2,91,8.3,1,0,0,0,25,26,2,23,0.7,55,39,Excellent
1/09/15,21.2,84,12.2,1,0,0,0,9,13,2,17,0.5,45,27,Excellent
2/09/15,24.9,64,8.9,0,0,0,0,8,14,2,17,0.43,52,26,Excellent
3/09/15,25.9,62,8.1,0,0,0,0,13,25,2,18,0.48,70,39,Excellent
4/09/15,20.1,92,11.1,1,0,1,0,44,78,2,24,1.48,62,84,Good
5/09/15,18.3,90,9.8,1,0,0,0,16,11,2,20,0.66,74,40,Excellent
6/09/15,22.3,64,7.6,0,0,0,0,16,27,2,26,0.51,66,36,Excellent
7/09/15,23.4,64,7.4,0,0,0,0,23,41,2,35,0.65,68,51,Good
8/09/15,22.3,69,6.1,0,0,0,0,49,78,5,49,0.87,82,78,Good
9/09/15,21.5,65,14.3,1,0,0,0,35,52,2,40,0.73,51,55,Good
10/09/15,15.5,87,12.2,1,0,0,0,7,13,2,26,0.41,27,18,Excellent
11/09/15,18.8,59,15.6,1,0,1,0,7,11,2,23,0.38,42,22,Excellent
12/09/15,19.9,45,15.2,0,0,0,0,7,18,2,25,0.35,47,28,Excellent
13/09/15,21.7,53,8.1,0,0,0,0,17,47,2,41,0.54,54,47,Excellent
14/09/15,19.9,68,6.7,0,0,0,0,62,101,9,54,0.85,71,90,Good
15/09/15,19.7,73,5,0,0,0,0,102,126,13,56,1.14,97,135,Lightly Polluted
16/09/15,20.6,71,6.5,0,0,0,0,124,136,7,58,1.21,89,164,Moderately Polluted
17/09/15,22.4,73,5.9,1,0,0,0,146,163,8,61,1.27,91,194,Moderately Polluted
18/09/15,22,63,8.9,0,0,0,0,76,56,2,45,0.87,66,109,Lightly Polluted
19/09/15,22.1,52,7.6,0,0,0,0,15,32,2,47,0.48,22,33,Excellent
20/09/15,21.1,70,8,0,0,0,0,84,103,10,42,0.97,118,113,Lightly Polluted
21/09/15,22.3,63,7.6,0,0,0,0,98,130,15,63,1.2,81,130,Lightly Polluted
22/09/15,19.2,82,11.5,1,0,1,0,137,130,10,59,1.46,52,178,Moderately Polluted
23/09/15,21.3,71,5.9,0,0,0,0,29,37,2,41,0.69,51,44,Excellent
24/09/15,19.1,84,9.1,1,0,1,0,97,106,4,51,1.15,55,133,Lightly Polluted
25/09/15,18.2,48,11.3,0,0,0,0,19,25,2,35,0.54,41,41,Excellent
26/09/15,19.4,60,8.1,0,0,0,0,30,65,5,44,0.64,59,56,Good
27/09/15,21.7,58,8.3,1,0,0,0,46,79,3,54,0.75,58,72,Good
28/09/15,16.1,90,5.2,1,0,0,0,44,49,3,42,1.13,39,64,Good
29/09/15,14.8,91,5.9,1,0,0,0,43,31,2,42,1.11,11,60,Good
30/09/15,16.3,74,15,1,0,0,0,28,16,2,36,0.68,24,41,Excellent
1/10/15,15.7,45,17.8,0,0,0,0,13,22,2,23,0.34,43,33,Excellent
2/10/15,18.6,47,10.6,0,0,0,0,27,66,3,44,0.6,37,58,Good
3/10/15,17.7,60,8.1,0,0,0,0,25,65,3,45,0.64,44,56,Good
4/10/15,17.3,74,4.1,0,0,0,0,103,145,8,72,1.26,47,136,Lightly Polluted
5/10/15,17.6,83,5.7,0,0,0,1,212,217,8,75,1.69,83,263,Heavily Polluted
6/10/15,19.3,80,5.2,0,0,0,1,281,189,7,77,1.93,94,335,Severely Polluted
7/10/15,19.9,47,15.4,0,0,0,0,265,96,7,74,1.81,64,315,Severely Polluted
8/10/15,14.1,29,17.8,0,0,0,0,9,25,2,20,0.3,41,31,Excellent
9/10/15,14.1,30,23,0,0,0,0,14,38,2,27,0.35,37,41,Excellent
10/10/15,14.1,29,27.8,0,0,0,0,7,18,2,13,0.27,43,23,Excellent
11/10/15,15.8,36,17.8,0,0,0,0,9,23,2,18,0.31,58,30,Excellent
12/10/15,16.7,38,11.9,0,0,0,0,14,35,3,40,0.45,38,36,Excellent
13/10/15,17.5,45,5.6,0,0,0,0,30,65,5,61,0.71,37,56,Good
14/10/15,15.1,67,6.3,0,0,0,0,93,131,14,88,1.83,29,124,Lightly Polluted
15/10/15,16.4,65,5.6,0,0,0,1,103,128,8,85,1.43,56,137,Lightly Polluted
16/10/15,15.8,79,4.1,0,0,0,1,191,211,12,103,1.96,71,237,Heavily Polluted
17/10/15,16.3,70,6.7,0,0,0,1,291,179,13,114,2.46,49,342,Severely Polluted
18/10/15,14.2,52,10.7,0,0,0,0,53,44,6,43,0.84,33,79,Good
19/10/15,12.7,74,5.4,0,0,0,0,51,96,6,56,0.81,23,79,Good
20/10/15,11.7,80,8.1,1,0,0,0,75,112,8,64,1.4,6,103,Lightly Polluted
21/10/15,9.9,93,5,1,0,0,0,49,36,2,39,0.95,13,69,Good
22/10/15,9.7,86,5.9,1,0,0,0,29,33,2,40,0.71,13,43,Excellent
23/10/15,12.7,78,6.7,0,0,0,0,51,64,2,51,0.86,14,71,Good
24/10/15,13.2,63,7.8,0,0,0,0,55,73,5,50,1.06,22,77,Good
25/10/15,10.4,61,6.9,1,0,0,0,35,66,7,59,0.92,9,59,Good
26/10/15,9.5,53,11.9,0,0,0,0,30,47,2,28,0.51,34,61,Good
27/10/15,10.1,39,12,0,0,0,0,13,41,2,32,0.44,32,40,Excellent
28/10/15,9.4,30,15.7,0,0,0,0,6,16,2,18,0.3,41,19,Excellent
29/10/15,7.4,30,16.9,0,0,0,0,6,21,2,16,0.3,48,25,Excellent
30/10/15,6.5,50,7.6,0,0,0,0,20,44,3,41,0.61,22,41,Excellent
31/10/15,7.1,54,5.9,0,0,0,0,38,64,4,54,0.81,20,60,Good
1/11/15,9.1,51,8.5,0,0,0,0,68,99,6,79,0.96,28,92,Good
2/11/15,9.7,53,6.7,0,0,0,0,75,115,7,79,1.42,18,102,Lightly Polluted
3/11/15,9.4,72,6.7,0,0,0,0,141,168,15,83,1.82,29,184,Moderately Polluted
4/11/15,11.8,71,5.4,1,0,0,0,199,221,14,101,1.95,13,250,Heavily Polluted
5/11/15,5.8,77,17.8,1,0,0,0,121,78,7,55,1.13,14,153,Moderately Polluted
6/11/15,1.4,92,18.1,1,1,0,0,20,1,2,27,0.57,29,29,Excellent
7/11/15,3.4,73,13.7,1,1,0,0,19,10,2,28,0.61,33,28,Excellent
8/11/15,3.9,83,5.9,1,0,0,1,56,47,3,43,0.92,21,77,Good
9/11/15,5.5,87,4.8,1,0,0,0,121,118,3,56,1.61,3,160,Moderately Polluted
10/11/15,5.7,93,5.4,1,0,0,0,125,79,3,54,1.56,3,166,Moderately Polluted
11/11/15,6.4,86,4.4,1,0,0,0,99,31,4,52,1.79,6,131,Lightly Polluted
12/11/15,6.9,91,4.6,1,0,0,0,147,97,5,58,2.43,2,190,Moderately Polluted
13/11/15,7.2,90,3.5,0,0,0,0,205,142,14,68,3.06,2,256,Heavily Polluted
14/11/15,7.9,88,5.6,0,0,0,1,258,172,16,79,3.56,5,309,Severely Polluted
15/11/15,9.2,78,6.7,1,0,0,1,192,122,12,68,3.19,14,241,Heavily Polluted
16/11/15,5.8,76,7.6,0,0,0,0,57,43,8,50,1.46,8,78,Good
17/11/15,6,62,10.4,0,0,0,0,64,84,6,43,1.67,7,88,Good
18/11/15,4.4,81,7.8,1,0,0,0,64,83,8,47,1.2,3,88,Good
19/11/15,2,98,9.1,1,0,0,0,74,0,2,43,1.44,2,100,Good
20/11/15,1.5,94,4.4,1,1,0,0,72,0,9,44,2.49,2,97,Good
21/11/15,0.1,96,5.9,1,1,0,0,41,4,7,40,2.17,2,59,Good
22/11/15,-3.3,94,6.7,0,1,0,0,49,2,6,37,1.02,19,69,Good
23/11/15,-4,63,9.8,0,0,0,0,29,13,10,26,0.74,37,43,Excellent
24/11/15,-6.6,74,5.9,0,1,0,0,41,30,8,45,0.99,23,57,Good
25/11/15,-7.2,53,24.8,0,0,0,0,50,34,9,37,1.13,26,72,Good
26/11/15,-6.6,60,9.1,0,0,0,0,33,43,10,34,0.8,38,52,Good
27/11/15,-3.9,75,4.3,0,0,0,0,183,161,34,84,2.6,7,232,Heavily Polluted
28/11/15,-1.4,80,4.1,0,1,0,0,252,237,41,99,3.76,7,303,Severely Polluted
29/11/15,-0.9,79,5.2,0,0,0,1,240,272,38,102,4.73,10,291,Heavily Polluted
30/11/15,-1.1,94,4.3,0,0,0,1,339,337,23,121,5.71,7,364,Severely Polluted
1/12/15,0.3,80,10.4,0,0,0,1,476,461,35,136,8.11,5,478,Severely Polluted
2/12/15,1.4,33,28.5,0,0,0,0,18,16,3,17,0.5,43,36,Excellent
3/12/15,-0.1,35,27.2,0,0,0,0,9,22,4,13,0.37,41,25,Excellent
4/12/15,2.6,36,19.3,0,0,0,0,21,34,9,33,0.72,31,36,Excellent
5/12/15,1.3,52,6.5,0,0,0,0,52,72,18,62,1.51,15,72,Good
6/12/15,0.7,74,4.1,0,0,0,0,135,159,30,90,2.74,6,176,Moderately Polluted
7/12/15,0.7,81,3.9,0,0,0,0,182,201,28,90,3.5,5,233,Heavily Polluted
8/12/15,1.2,91,5.2,1,0,0,1,244,240,20,92,4.28,4,295,Heavily Polluted
9/12/15,1.8,92,7,0,0,0,1,246,17,32,93,3.6,5,297,Heavily Polluted
10/12/15,3.3,46,13.7,0,0,0,0,109,1,15,51,1.95,27,138,Lightly Polluted
11/12/15,1,52,5,0,0,0,0,39,45,12,56,1.22,18,57,Good
12/12/15,-0.7,73,4.8,0,0,0,1,113,142,21,81,2.47,7,146,Lightly Polluted
13/12/15,0.9,77,4.1,1,1,0,1,160,187,35,94,3.67,5,203,Heavily Polluted
14/12/15,2.4,48,17.2,0,1,0,1,109,36,11,58,2.04,32,138,Lightly Polluted
15/12/15,0.3,30,33.5,0,0,0,0,6,9,3,13,0.39,51,26,Excellent
16/12/15,-2.4,35,25.2,0,0,0,0,6,11,3,15,0.42,37,20,Excellent
17/12/15,-1.8,43,7.8,0,0,0,0,47,62,15,53,1.36,13,66,Good
18/12/15,-0.5,52,6.5,0,0,0,0,48,72,15,54,1.42,22,72,Good
19/12/15,-1.7,78,4.1,0,0,0,0,122,152,28,83,3.04,8,162,Moderately Polluted
20/12/15,-2.7,86,4.6,0,0,0,1,208,220,24,102,3.61,7,259,Heavily Polluted
21/12/15,-1.4,73,5.9,0,0,0,1,229,234,23,104,3.98,8,280,Heavily Polluted
22/12/15,-2.4,90,5.6,0,0,0,1,308,304,29,104,5.41,7,351,Severely Polluted
23/12/15,0.8,56,6.7,0,0,0,1,254,291,20,99,4.69,17,303,Severely Polluted
24/12/15,-1.5,74,7.6,0,1,0,1,117,138,17,71,2.24,22,151,Moderately Polluted
25/12/15,-3.5,96,5.9,0,1,0,1,463,464,12,135,6.97,7,468,Severely Polluted
26/12/15,-3.1,70,8.9,0,1,0,1,290,389,8,105,5.28,6,333,Severely Polluted
27/12/15,-7.3,63,6.7,0,1,0,0,47,31,11,51,1.11,14,65,Good
28/12/15,-2.7,59,6.1,0,0,0,1,107,119,21,75,2.27,7,141,Lightly Polluted
29/12/15,-2.4,76,4.6,0,0,0,1,263,303,32,114,4.16,6,310,Severely Polluted
30/12/15,-0.4,46,14.8,0,0,0,0,88,87,11,54,1.64,32,113,Lightly Polluted
1/01/16,-2,67,6.3,0,0,0,1,167,185,32,102,3.37,7,212,Heavily Polluted
2/01/16,-1.3,74,4.3,0,0,0,1,253,272,34,120,4.54,9,303,Severely Polluted
3/01/16,-1.8,72,7.4,0,0,0,1,256,299,19,86,3.78,11,302,Severely Polluted
4/01/16,-2.1,31,15.9,0,0,0,0,42,24,5,32,1.03,45,62,Good
5/01/16,-4.6,36,12,0,0,0,0,29,40,9,33,0.8,33,46,Excellent
6/01/16,-2.4,32,19.8,0,0,0,0,25,47,10,34,0.93,32,45,Excellent
7/01/16,-3,33,23,0,0,0,0,11,20,6,25,0.52,42,24,Excellent
8/01/16,-5,41,8.1,0,0,0,0,29,43,11,37,0.92,34,46,Excellent
9/01/16,-3.4,43,6.7,0,0,0,0,69,91,21,69,1.77,12,95,Good
10/01/16,-3.6,35,9.8,0,0,0,0,49,78,20,55,1.52,22,73,Good
11/01/16,-6.9,35,14.1,0,0,0,0,10,22,5,22,0.54,50,26,Excellent
12/01/16,-4.3,26,23.7,0,0,0,0,12,27,7,27,0.63,44,29,Excellent
13/01/16,-4.8,30,10.2,0,0,0,0,23,43,12,44,0.9,33,43,Excellent
14/01/16,-2.2,32,10.6,0,0,0,0,65,89,24,66,1.81,21,89,Good
15/01/16,-1.1,46,6.3,0,0,0,0,93,119,32,80,2.48,12,123,Lightly Polluted
16/01/16,-3.3,61,8.1,0,1,0,0,126,145,44,71,2.56,8,166,Moderately Polluted
17/01/16,-8,41,15.4,0,0,0,0,41,42,9,29,0.89,47,62,Good
18/01/16,-10.1,33,17.8,0,0,0,0,9,42,3,15,0.51,54,42,Excellent
19/01/16,-8.1,45,5.4,0,0,0,0,56,82,20,58,1.55,18,80,Good
20/01/16,-6.1,63,6.1,0,1,0,0,112,136,52,76,3.33,6,149,Lightly Polluted
21/01/16,-6.3,66,12,0,1,0,0,132,148,28,68,2.78,6,175,Moderately Polluted
22/01/16,-12.2,26,21.1,0,0,0,0,17,35,4,16,0.64,55,45,Excellent
23/01/16,-14.9,24,39.6,0,0,0,0,8,41,3,11,0.57,56,42,Excellent
24/01/16,-7.6,28,25.6,0,0,0,0,11,54,5,20,0.58,49,52,Good
25/01/16,-1.8,22,23.3,0,0,0,0,26,46,15,39,0.79,36,47,Excellent
26/01/16,-2.9,27,15,0,0,0,0,30,55,16,33,0.74,41,56,Good
27/01/16,-4.2,39,5.9,0,0,0,0,91,100,35,73,2.03,13,122,Lightly Polluted
28/01/16,-2.8,38,7.4,0,0,0,0,119,128,43,77,2.32,17,157,Moderately Polluted
29/01/16,-5.8,46,8.1,0,0,0,0,65,84,35,55,1.83,16,89,Good
30/01/16,-7.3,32,9.1,0,0,0,0,48,58,20,46,1.26,25,67,Good
31/01/16,-4.3,30,16.1,0,0,0,0,16,27,8,26,0.58,50,33,Excellent
1/02/16,-2.1,29,16.9,0,0,0,0,12,22,8,28,0.56,48,27,Excellent
2/02/16,-1.8,28,11.5,0,0,0,0,26,31,14,43,0.85,39,38,Excellent
3/02/16,0.2,26,12.6,0,0,0,0,34,44,18,52,1.16,29,50,Excellent
4/02/16,0.2,25,16.5,0,0,0,0,12,23,7,21,0.47,61,31,Excellent
5/02/16,-1.1,29,22.4,0,0,0,0,9,30,5,14,0.36,67,38,Excellent
6/02/16,-0.9,30,11.1,0,0,0,0,27,38,11,30,0.71,51,45,Excellent
7/02/16,0.3,30,12.4,0,0,0,0,40,68,18,34,0.9,45,66,Good
8/02/16,4.2,27,15.9,0,0,0,0,190,250,53,35,1.01,44,198,Moderately Polluted
9/02/16,2.1,35,7.4,0,0,0,0,40,48,18,37,1.05,46,56,Good
10/02/16,2.7,43,4.6,0,0,0,0,92,94,45,61,2.4,26,122,Lightly Polluted
11/02/16,3.6,64,6.7,1,0,0,0,156,166,43,68,3.14,11,206,Heavily Polluted
12/02/16,4.6,77,13.7,1,1,0,0,147,99,18,54,2.2,24,192,Moderately Polluted
13/02/16,-2.1,35,36.1,0,0,0,0,9,8,4,12,0.34,60,29,Excellent
14/02/16,-3.7,33,24.4,0,0,0,0,6,14,3,10,0.35,66,34,Excellent
15/02/16,0.9,28,23.2,0,0,0,0,6,45,3,12,0.32,64,44,Excellent
16/02/16,2.3,35,18.1,0,0,0,0,7,37,4,15,0.31,63,39,Excellent
17/02/16,5.9,27,15.6,0,0,0,0,41,46,14,43,1,39,59,Good
18/02/16,4.4,25,16.1,0,0,0,0,14,31,5,21,0.42,66,41,Excellent
19/02/16,1.1,25,18.1,0,0,0,0,14,31,5,24,0.5,55,38,Excellent
20/02/16,-1.4,28,15.7,0,0,0,0,14,21,5,18,0.42,61,36,Excellent
21/02/16,0.1,48,10.2,0,0,0,0,75,95,23,52,1.39,28,101,Lightly Polluted
22/02/16,2.1,29,18.9,0,0,0,0,71,90,16,41,1.15,43,104,Lightly Polluted
23/02/16,-2.7,27,16.7,0,0,0,0,10,19,4,14,0.35,68,36,Excellent
24/02/16,0.4,27,11.9,0,0,0,0,25,44,8,32,0.74,44,49,Excellent
25/02/16,1.7,26,10.6,0,0,0,0,24,43,9,33,0.72,44,43,Excellent
26/02/16,2.9,30,13.5,0,0,0,0,34,55,12,36,0.74,49,54,Good
27/02/16,2.6,43,9.8,0,1,0,0,20,30,8,33,0.58,51,33,Excellent
28/02/16,0.2,27,22,0,0,0,0,29,48,7,31,0.74,49,56,Good
29/02/16,-0.6,35,7.6,0,0,0,0,32,42,10,38,0.68,47,50,Excellent
1/03/16,2.4,45,6.7,0,0,0,0,114,126,28,79,1.87,23,150,Lightly Polluted
2/03/16,9.3,36,7.6,0,0,0,0,159,175,30,103,2.46,27,206,Heavily Polluted
3/03/16,7.2,64,5,0,0,0,1,271,281,44,114,3.38,23,321,Severely Polluted
4/03/16,7,50,10.9,0,0,0,0,326,277,46,113,4.38,11,376,Severely Polluted
5/03/16,6.4,25,15.7,0,0,0,0,59,306,2,19,0.38,66,207,Heavily Polluted
6/03/16,5.2,40,6.9,0,0,0,0,69,177,24,64,1.45,19,114,Lightly Polluted
7/03/16,4.9,17,21.7,0,0,0,0,32,84,9,28,0.82,55,67,Good
8/03/16,1,19,13.9,0,0,0,0,9,25,2,13,0.35,67,35,Excellent
9/03/16,1.9,16,18.1,0,0,0,0,9,22,3,14,0.35,62,33,Excellent
10/03/16,1.8,21,17,0,0,0,0,10,47,3,15,0.35,64,46,Excellent
11/03/16,3.2,24,10.9,0,0,0,0,21,49,6,31,0.56,52,47,Excellent
12/03/16,3.2,44,8.1,0,0,0,0,106,134,37,78,1.74,20,140,Lightly Polluted
13/03/16,6.1,24,12.2,0,0,0,0,29,46,8,31,0.64,64,54,Good
14/03/16,9.2,27,8.1,0,0,0,0,73,111,19,61,1.23,36,99,Good
15/03/16,6.7,50,6.3,0,0,0,0,135,189,44,76,1.54,25,176,Moderately Polluted
16/03/16,9.1,58,6.3,0,0,0,0,244,274,37,88,2.19,51,295,Heavily Polluted
17/03/16,9.9,60,6.5,0,0,0,0,287,291,30,99,2.25,49,338,Severely Polluted
18/03/16,15.2,26,10.2,0,0,0,0,181,132,12,64,1.51,60,220,Heavily Polluted
19/03/16,9.5,40,8.9,0,0,0,0,61,111,15,41,1.01,55,91,Good
20/03/16,10.9,35,6.9,0,0,0,0,62,103,9,58,0.98,42,86,Good
21/03/16,13.9,37,8.5,0,0,0,0,119,174,18,76,1.22,56,157,Moderately Polluted
22/03/16,11.2,38,9.8,0,0,0,0,107,202,24,73,1.39,34,155,Moderately Polluted
23/03/16,5.8,25,9.8,0,0,0,0,16,39,3,24,0.49,64,44,Excellent
24/03/16,8.9,22,8.5,0,0,0,0,11,23,2,27,0.41,60,34,Excellent
25/03/16,10,22,10.6,0,0,0,0,15,31,3,32,0.44,59,38,Excellent
26/03/16,14.3,17,13,0,0,0,0,11,29,3,25,0.39,64,36,Excellent
27/03/16,15.3,17,10.6,0,0,0,0,14,40,4,32,0.38,57,41,Excellent
28/03/16,15.2,25,12.2,0,0,0,0,69,188,15,65,0.8,38,139,Lightly Polluted
29/03/16,16.4,21,14.6,0,0,0,0,17,69,4,28,0.39,68,61,Good
30/03/16,14.1,30,9.1,0,0,0,0,26,68,7,37,0.54,61,55,Good
31/03/16,17.9,47,12.4,0,0,0,0,150,240,33,72,1.45,62,199,Moderately Polluted
1/04/16,16.7,28,20,1,0,0,0,39,142,5,25,0.46,65,106,Lightly Polluted
2/04/16,14.7,17,14.3,0,0,0,0,7,27,2,15,0.27,72,37,Excellent
3/04/16,13.9,23,10,0,0,0,0,17,50,2,23,0.31,69,47,Excellent
4/04/16,16,41,12.2,0,0,0,0,70,109,10,46,0.58,68,96,Good
5/04/16,14.8,40,11.3,0,0,0,0,112,152,17,49,0.97,80,149,Lightly Polluted
6/04/16,14.3,61,7.4,1,0,0,0,136,171,30,67,1.97,53,175,Moderately Polluted
7/04/16,17.7,13,21.7,0,0,0,0,86,139,4,43,1.07,55,133,Lightly Polluted
8/04/16,17,21,16.1,0,0,0,0,21,83,4,28,0.34,72,67,Good
9/04/16,14.3,32,11.3,0,0,0,0,72,244,10,53,0.7,48,167,Moderately Polluted
10/04/16,12.4,28,11.9,0,0,0,0,52,193,12,40,0.78,58,123,Lightly Polluted
11/04/16,10.5,41,11.1,1,0,0,0,39,100,8,39,0.58,60,76,Good
12/04/16,11.4,74,7.2,1,0,0,0,76,76,5,56,0.76,36,102,Lightly Polluted
13/04/16,18.6,25,18.1,0,0,0,0,118,148,6,62,0.94,51,161,Moderately Polluted
14/04/16,15.9,31,12.8,0,0,0,0,30,96,2,24,0.33,81,74,Good
15/04/16,16.8,45,11.5,1,0,0,0,55,97,15,57,1,47,81,Good
16/04/16,15.6,26,24.6,0,0,0,0,32,78,2,19,0.34,60,64,Good
17/04/16,15.1,25,23.7,0,0,0,0,14,33,2,14,0.28,81,43,Excellent
18/04/16,14.9,27,13.7,0,0,0,0,17,32,2,20,0.3,76,43,Excellent
19/04/16,12.6,58,10.4,0,0,0,0,70,99,18,63,1.29,30,97,Good
20/04/16,18.2,37,9.1,0,0,0,0,66,85,7,40,0.85,73,91,Good
21/04/16,20.8,21,18.5,0,0,0,0,96,159,6,57,0.93,67,142,Lightly Polluted
22/04/16,18.2,14,16.3,0,0,0,0,33,108,2,19,0.24,87,80,Good
23/04/16,15.3,22,9.4,0,0,0,0,21,54,2,27,0.31,68,50,Excellent
24/04/16,20,43,12.4,0,0,0,0,84,146,20,52,0.88,70,117,Lightly Polluted
25/04/16,20.2,45,13.1,0,0,0,0,90,143,13,33,0.73,107,121,Lightly Polluted
26/04/16,16.7,44,8.3,0,0,0,0,76,127,24,42,1.36,96,103,Lightly Polluted
27/04/16,14.6,70,9.6,0,0,0,0,88,107,9,59,1.07,63,118,Lightly Polluted
28/04/16,18.7,42,11.7,1,0,0,0,83,89,6,48,0.97,92,121,Lightly Polluted
29/04/16,18.3,65,10,1,0,1,0,119,149,15,59,1.29,94,157,Moderately Polluted
30/04/16,22.9,57,11.7,0,0,0,0,159,181,9,60,1.42,129,209,Heavily Polluted
1/05/16,24.4,53,13,1,0,0,0,192,179,23,42,2.25,147,242,Heavily Polluted
2/05/16,11.7,80,14.3,1,0,0,0,50,99,2,18,0.49,69,80,Good
3/05/16,19.8,22,21.1,0,0,0,0,24,64,2,25,0.41,60,56,Good
4/05/16,22.5,23,9.3,0,0,0,0,28,57,3,46,0.52,61,53,Good
5/05/16,19.7,30,16.3,0,0,0,0,54,117,13,44,0.94,79,95,Good
6/05/16,20.4,19,24.1,0,0,0,0,64,197,2,11,0.22,83,130,Lightly Polluted
7/05/16,20,23,9.6,0,0,0,0,20,43,2,24,0.27,83,49,Excellent
8/05/16,20.5,45,13.7,0,0,0,0,59,107,14,44,0.73,82,90,Good
9/05/16,16.7,66,11.5,1,0,0,0,34,62,4,35,0.51,55,58,Good
10/05/16,22.8,42,11.5,0,0,0,0,39,64,3,34,0.53,88,62,Good
11/05/16,22.3,63,14.6,1,0,1,0,145,171,11,34,1.08,124,191,Moderately Polluted
12/05/16,14,50,17.4,1,0,0,0,37,37,3,25,0.5,66,67,Good
13/05/16,19.1,40,13.7,1,0,0,0,31,59,5,40,0.58,63,58,Good
14/05/16,12.7,94,7.2,1,0,0,1,37,32,2,34,0.53,62,58,Good
15/05/16,16.4,38,12.2,0,0,0,0,33,22,2,33,0.5,41,56,Good
16/05/16,23,31,13.3,0,0,0,0,22,53,2,41,0.47,60,55,Good
17/05/16,25,40,11.7,0,0,0,0,54,101,9,48,0.59,117,103,Lightly Polluted
18/05/16,24,49,10.6,0,0,0,0,58,98,7,33,0.52,131,103,Lightly Polluted
19/05/16,23.2,43,10.7,0,0,0,0,83,109,13,36,0.74,164,139,Lightly Polluted
20/05/16,22,47,9.1,0,0,0,0,87,111,18,45,1.05,149,142,Lightly Polluted
21/05/16,22.3,40,8.5,0,0,0,0,67,86,16,42,0.83,130,122,Lightly Polluted
22/05/16,24.3,37,8.3,0,0,0,0,45,82,6,40,0.62,139,100,Good
23/05/16,18,61,11.7,1,0,0,0,78,116,18,51,1.09,107,107,Lightly Polluted
24/05/16,22.8,37,18.5,1,0,0,0,19,41,2,21,0.34,99,54,Good
25/05/16,21.7,39,13.1,1,0,0,0,13,35,4,24,0.32,96,58,Good
26/05/16,24.6,26,14.1,0,0,0,0,21,57,2,28,0.32,82,59,Good
27/05/16,23.1,40,13,0,0,0,0,46,104,11,47,0.62,99,84,Good
28/05/16,24.5,41,13,0,0,0,0,47,86,9,36,0.66,121,96,Good
29/05/16,24.2,26,12,0,0,0,0,31,66,4,27,0.44,103,66,Good
30/05/16,27.5,46,10.6,0,0,0,0,79,145,14,48,1.06,148,127,Lightly Polluted
31/05/16,22.8,36,7.6,0,0,0,0,49,115,10,34,0.87,83,95,Good
1/06/16,23.8,34,8.1,0,0,0,0,34,70,4,38,0.64,92,71,Good
2/06/16,25.6,32,9.8,0,0,0,0,51,85,7,48,0.73,124,106,Lightly Polluted
3/06/16,24.9,45,7.4,0,0,0,0,79,121,19,59,1.17,128,114,Lightly Polluted
4/06/16,25.2,48,9.1,0,0,0,0,87,122,15,36,0.87,155,138,Lightly Polluted
5/06/16,24.2,55,9.6,0,0,0,0,73,105,12,37,0.85,134,120,Lightly Polluted
6/06/16,23.9,67,8.1,1,0,1,0,84,104,6,32,0.87,140,127,Lightly Polluted
7/06/16,22,73,9.8,1,0,0,1,57,69,2,25,0.82,106,87,Good
8/06/16,25,66,8.1,0,0,0,1,122,97,2,34,1.18,125,160,Moderately Polluted
9/06/16,26.2,54,14.3,1,0,1,0,100,84,5,31,0.99,143,163,Moderately Polluted
10/06/16,25.2,49,15.4,1,0,1,0,51,39,2,18,0.65,120,94,Good
11/06/16,25.6,46,9.1,0,0,0,0,9,22,2,19,0.34,78,42,Excellent
12/06/16,25.1,60,10,1,0,1,0,67,75,6,33,0.99,120,116,Lightly Polluted
13/06/16,19.5,92,9.1,1,0,0,0,44,32,2,27,0.6,86,66,Good
14/06/16,18.9,79,8.9,1,0,0,0,34,17,2,23,0.59,73,54,Good
15/06/16,23.6,56,7.4,1,0,1,0,17,31,2,27,0.49,92,49,Excellent
16/06/16,27.2,43,9.4,0,0,0,0,24,51,2,43,0.53,73,61,Good
17/06/16,24.5,55,8.1,1,0,1,0,22,54,2,41,0.51,56,52,Good
18/06/16,26.7,53,9.6,0,0,0,0,38,69,3,43,0.66,104,87,Good
19/06/16,29.3,45,8.9,1,0,0,0,57,86,3,37,0.72,134,112,Lightly Polluted
20/06/16,27.1,67,8.5,1,0,1,0,88,107,4,27,0.99,157,145,Lightly Polluted
21/06/16,27.2,62,8.5,1,0,1,0,84,96,2,29,0.86,139,135,Lightly Polluted
22/06/16,27.7,69,8.7,1,0,1,0,54,72,2,30,0.71,133,94,Good
23/06/16,24.4,69,8.1,1,0,1,0,76,103,5,34,1.05,106,108,Lightly Polluted
24/06/16,26.6,32,12.8,1,0,0,0,13,29,2,28,0.58,61,38,Excellent
25/06/16,29.3,34,9.4,0,0,0,0,16,32,2,26,0.35,78,41,Excellent
26/06/16,30.3,31,11.9,0,0,0,0,39,74,4,39,0.5,113,88,Good
27/06/16,23.8,67,10,1,0,1,0,58,88,6,38,0.68,111,83,Good
28/06/16,21.1,89,5.7,1,0,0,1,69,30,2,31,0.68,68,94,Good
29/06/16,24.1,74,7.4,1,0,1,0,110,24,2,32,0.87,87,145,Lightly Polluted
30/06/16,26.9,56,8.7,0,0,0,0,60,40,2,31,0.7,104,100,Good
1/07/16,26.8,49,8.9,0,0,0,0,12,26,2,21,0.38,87,48,Excellent
2/07/16,27.7,53,8.5,0,0,0,0,43,59,2,35,0.64,102,90,Good
3/07/16,27.9,61,9.6,1,0,0,0,77,103,7,42,0.93,114,108,Lightly Polluted
4/07/16,27.2,62,8.7,0,0,0,0,130,123,4,31,1.23,124,178,Moderately Polluted
5/07/16,27.6,54,9.1,0,0,0,0,92,90,4,27,0.98,132,134,Lightly Polluted
6/07/16,28.7,52,9.3,0,0,0,0,74,96,4,33,0.91,142,124,Lightly Polluted
7/07/16,28.6,59,10.6,0,0,0,0,109,124,7,31,1.23,152,151,Moderately Polluted
8/07/16,28.4,68,8.5,0,0,0,0,91,105,5,32,1.19,111,126,Lightly Polluted
9/07/16,30.4,62,9.4,0,0,0,0,80,85,3,31,0.79,112,114,Lightly Polluted
10/07/16,31.7,54,11.7,0,0,0,0,92,95,3,27,0.81,121,139,Lightly Polluted
11/07/16,32,53,13.3,0,0,0,0,87,100,6,27,0.71,118,119,Lightly Polluted
12/07/16,25.3,78,10,1,0,0,0,31,43,3,27,0.58,67,56,Good
13/07/16,31.2,42,9.1,0,0,0,0,18,35,2,29,0.51,92,56,Good
14/07/16,26.5,61,9.4,1,0,0,0,34,61,3,40,0.81,89,62,Good
15/07/16,21.7,83,9.8,1,0,0,0,34,28,2,27,0.68,66,50,Excellent
16/07/16,23.9,69,7,1,0,0,0,35,41,2,35,0.73,52,51,Good
17/07/16,26.5,67,7.2,0,0,0,0,75,85,2,40,1.1,111,107,Lightly Polluted
18/07/16,25.8,79,5.2,1,0,0,0,106,120,3,49,1.25,85,141,Lightly Polluted
19/07/16,23.9,88,8,1,0,0,0,93,58,2,43,1.22,41,125,Lightly Polluted
20/07/16,22.1,94,17.2,1,0,0,0,35,3,2,17,0.73,49,57,Good
21/07/16,24.4,94,5.4,1,0,0,1,23,28,2,24,0.81,38,38,Excellent
22/07/16,28,80,6.9,0,0,0,0,75,47,2,28,1.05,86,103,Lightly Polluted
23/07/16,27.7,83,8.7,1,0,1,0,120,108,2,33,1.18,95,163,Moderately Polluted
24/07/16,29.1,78,6.7,1,0,1,0,63,67,2,29,0.88,92,90,Good
25/07/16,27.5,74,9.3,1,0,0,0,42,49,2,28,0.8,62,66,Good
26/07/16,28.6,63,6.1,0,0,0,0,17,33,2,20,0.57,89,46,Excellent
27/07/16,27.9,72,9.6,1,0,1,0,46,69,2,32,0.74,119,97,Good
28/07/16,28.8,73,6.7,0,0,0,0,47,59,2,27,0.67,112,77,Good
29/07/16,29.1,79,7.6,1,0,1,0,123,135,2,27,1.36,145,163,Moderately Polluted
30/07/16,26.2,85,8.3,1,0,1,0,132,209,2,29,1.6,71,199,Moderately Polluted
31/07/16,26,85,6.7,1,0,0,0,53,42,2,28,1.01,71,73,Good
1/08/16,28.1,78,6.9,1,0,0,0,66,68,2,27,1.18,94,90,Good
2/08/16,29.2,67,7.6,0,0,0,0,49,43,2,28,1,91,85,Good
3/08/16,30.4,67,6.5,0,0,0,0,53,67,2,30,0.89,120,101,Lightly Polluted
4/08/16,29.4,74,8.3,0,0,0,0,99,104,2,31,1.4,131,135,Lightly Polluted
5/08/16,28.9,76,6.9,0,0,0,0,64,74,2,26,0.84,92,90,Good
6/08/16,28.6,76,10,1,0,1,0,99,116,2,31,0.96,95,133,Lightly Polluted
7/08/16,26.9,76,7,1,0,0,0,18,20,2,16,0.62,83,43,Excellent
8/08/16,27.3,62,7.4,0,0,0,0,30,42,2,23,0.77,88,62,Good
9/08/16,28.6,68,8.3,0,0,0,0,44,64,5,35,1.14,107,84,Good
10/08/16,30.3,72,11.7,0,0,0,0,82,93,2,25,0.94,98,109,Lightly Polluted
11/08/16,31.2,75,8.5,1,0,0,0,85,101,2,25,0.95,90,114,Lightly Polluted
12/08/16,26.9,83,9.4,1,0,1,0,59,72,2,34,0.85,44,84,Good
13/08/16,26.6,64,11.5,1,0,0,0,21,34,2,37,0.67,22,36,Excellent
14/08/16,29.1,59,8.3,1,0,0,0,18,42,2,34,0.6,79,50,Excellent
15/08/16,23.6,70,8,1,0,0,0,20,35,2,27,0.6,63,42,Excellent
16/08/16,27.2,66,8.1,0,0,0,0,22,37,2,29,0.58,77,53,Good
17/08/16,25.2,86,4.8,1,0,0,0,59,74,2,53,0.95,30,82,Good
18/08/16,23.2,91,10.6,1,0,0,0,74,3,2,38,1.6,29,99,Good
19/08/16,27.5,68,9.3,0,0,0,0,17,23,2,22,0.9,71,39,Excellent
20/08/16,26.8,68,5.9,0,0,0,0,52,64,2,34,1.03,99,89,Good
21/08/16,28.6,69,8.1,0,0,0,0,51,71,2,37,0.92,126,107,Lightly Polluted
22/08/16,28.7,59,9.1,0,0,0,0,51,70,3,30,0.93,108,88,Good
23/08/16,26.4,71,6.7,1,0,0,0,69,89,5,38,0.9,81,93,Good
24/08/16,28.2,67,8.9,1,0,0,0,79,96,3,45,1.03,83,106,Lightly Polluted
25/08/16,22.8,47,14.1,0,0,0,0,19,27,2,23,0.42,56,43,Excellent
26/08/16,23.6,44,9.1,0,0,0,0,9,23,2,28,0.37,52,31,Excellent
27/08/16,24.4,41,10.6,1,0,0,0,14,36,2,36,0.44,40,39,Excellent
28/08/16,25.2,40,8.7,0,0,0,0,10,28,2,31,0.31,53,34,Excellent
29/08/16,24.8,49,6.9,0,0,0,0,17,43,2,40,0.46,61,48,Excellent
30/08/16,24.7,54,7.6,1,0,0,0,28,62,2,44,0.59,92,70,Good
31/08/16,29.3,16,24.1,0,0,0,0,16,37,2,37,0.43,54,41,Excellent
1/09/16,22.7,50,9.1,1,0,0,0,7,30,2,28,0.33,45,33,Excellent
2/09/16,23.8,61,8.1,1,0,0,0,11,32,2,30,0.39,25,33,Excellent
3/09/16,25.8,61,7.8,0,0,0,0,18,39,2,31,0.43,64,42,Excellent
4/09/16,23.8,70,9.8,0,0,0,0,80,102,4,43,1.04,91,112,Lightly Polluted
5/09/16,24.8,55,9.8,0,0,0,0,27,38,2,29,0.51,72,49,Excellent
6/09/16,26.6,45,11.1,1,0,0,0,17,36,3,37,0.5,37,38,Excellent
7/09/16,22.8,63,9.4,1,0,1,0,41,63,5,37,0.68,87,73,Good
8/09/16,24.6,48,9.8,0,0,0,0,20,40,2,41,0.57,48,41,Excellent
9/09/16,24.2,49,10,0,0,0,0,17,38,2,39,0.5,37,40,Excellent
10/09/16,24.3,52,9.6,1,0,1,0,15,39,2,39,0.46,46,38,Excellent
11/09/16,20.9,76,7,0,0,1,0,32,44,2,28,0.77,77,53,Good
12/09/16,22.8,68,7,1,0,1,0,31,43,2,32,0.74,64,47,Excellent
13/09/16,22.3,81,5.2,0,0,0,0,86,93,2,49,1.01,64,115,Lightly Polluted
14/09/16,22.9,77,6.7,1,0,1,0,101,112,3,46,1.04,76,136,Lightly Polluted
15/09/16,24.7,72,6.5,0,0,0,0,69,82,3,40,0.83,88,96,Good
16/09/16,23.7,76,6.3,1,0,1,0,133,144,3,36,1.15,99,183,Moderately Polluted
17/09/16,20.4,79,5.7,1,0,1,0,41,43,2,34,0.77,37,61,Good
18/09/16,17.2,81,10.4,1,0,0,0,22,14,2,27,0.57,16,32,Excellent
19/09/16,18.7,57,10,0,0,0,0,10,20,2,31,0.41,33,27,Excellent
20/09/16,19.6,57,6.9,0,0,0,0,18,36,2,40,0.51,45,39,Excellent
21/09/16,18.1,78,5.6,1,0,0,0,63,95,4,73,0.95,21,89,Good
22/09/16,20,79,5.7,1,0,1,1,99,122,6,53,1.04,53,132,Lightly Polluted
23/09/16,21.2,78,7.4,1,0,1,1,121,63,2,42,1.11,97,160,Moderately Polluted
24/09/16,22.6,77,5.6,0,0,0,0,111,129,3,49,1.06,90,147,Lightly Polluted
25/09/16,22.3,78,8.3,1,0,1,0,162,153,3,48,1.5,68,210,Heavily Polluted
26/09/16,19.1,85,10.4,1,0,0,1,58,57,2,41,1.15,46,80,Good
27/09/16,15.6,43,19.1,0,0,0,0,24,32,2,23,0.61,41,44,Excellent
28/09/16,12.9,53,7.2,0,0,0,0,13,29,2,32,0.38,33,30,Excellent
29/09/16,15.4,60,7.4,0,0,0,0,51,80,4,55,0.63,44,76,Good
30/09/16,17.8,62,6.3,0,0,0,0,97,130,6,70,0.9,67,128,Lightly Polluted
1/10/16,18.3,71,5.2,1,0,0,0,165,195,9,81,1.33,57,214,Heavily Polluted
2/10/16,20.5,72,6.3,1,0,0,0,183,191,5,69,1.37,66,234,Heavily Polluted
3/10/16,22.2,66,10.2,1,0,0,0,120,145,2,56,1.12,57,160,Moderately Polluted
4/10/16,15,86,8.5,1,0,0,0,33,53,3,33,1.05,21,56,Good
5/10/16,16.1,82,7.2,1,0,0,0,55,63,2,38,1.18,23,76,Good
6/10/16,14.7,86,9.6,1,0,0,0,72,86,3,46,1.62,5,97,Good
7/10/16,12.8,73,12.2,1,0,0,0,39,12,2,41,1.61,9,56,Good
8/10/16,9.8,53,13.1,0,0,0,0,11,22,2,22,0.41,41,29,Excellent
9/10/16,9.8,66,6.5,0,0,0,0,31,59,3,49,0.68,14,55,Good
10/10/16,11.8,74,6.1,0,0,0,0,87,116,8,73,1.12,13,117,Lightly Polluted
11/10/16,14.3,72,7,1,0,0,0,116,129,6,63,1.4,26,154,Moderately Polluted
12/10/16,13.8,79,4.8,0,0,0,0,77,98,5,60,1.17,21,103,Lightly Polluted
13/10/16,15.6,83,5,0,0,0,1,150,173,4,70,1.48,33,193,Moderately Polluted
14/10/16,14.3,90,5.2,0,0,0,1,241,284,5,88,1.95,29,292,Heavily Polluted
15/10/16,15,87,4.6,1,0,0,0,190,218,3,83,1.91,3,241,Heavily Polluted
16/10/16,14.3,86,7.4,0,0,0,1,119,29,2,58,1.05,20,158,Moderately Polluted
17/10/16,16.5,62,7,0,0,0,0,59,78,2,49,0.85,26,83,Good
18/10/16,16,86,4.4,0,0,0,0,117,153,5,69,1.73,6,154,Moderately Polluted
19/10/16,16.4,86,6.7,0,0,0,1,225,244,4,78,2.21,16,276,Heavily Polluted
20/10/16,12.5,73,10.7,1,0,0,0,94,94,6,51,1.45,13,126,Lightly Polluted
21/10/16,11.1,87,7.2,1,0,0,0,42,20,2,37,0.81,18,60,Good
22/10/16,10.3,66,10.6,0,0,0,0,14,13,2,27,0.55,19,24,Excellent
23/10/16,10,65,5.2,0,0,0,0,26,46,2,40,0.59,17,45,Excellent
24/10/16,8.7,86,4.4,1,0,0,1,60,106,2,55,1.09,3,88,Good
25/10/16,11.7,76,8.5,0,0,0,0,96,131,2,70,1.42,4,128,Lightly Polluted
26/10/16,12.1,45,10.9,1,0,0,0,43,80,2,47,0.79,21,76,Good
27/10/16,8.2,80,9.1,1,0,0,0,30,52,4,48,1,6,52,Good
28/10/16,6.6,40,16.1,0,0,0,0,10,22,2,27,0.39,31,28,Excellent
29/10/16,5.9,54,9.3,0,0,0,0,23,56,4,44,0.54,19,51,Good
30/10/16,5.7,37,17.8,0,0,0,0,43,80,5,42,0.75,23,66,Good
31/10/16,2.1,28,13.3,0,0,0,0,8,22,2,16,0.3,45,29,Excellent
1/11/16,1.6,57,5,0,0,0,0,40,67,7,51,0.69,17,62,Good
2/11/16,4.7,60,6.7,0,0,0,0,99,139,9,76,1.36,12,132,Lightly Polluted
3/11/16,5,80,5.6,0,0,0,1,182,225,8,100,2.37,7,227,Heavily Polluted
4/11/16,6.4,91,6.3,1,0,0,1,242,283,5,116,3.33,6,293,Heavily Polluted
5/11/16,8.6,72,9.1,0,0,0,1,179,205,4,95,3.16,18,229,Heavily Polluted
6/11/16,7.1,53,10,1,0,0,0,71,91,8,53,1.17,24,96,Good
7/11/16,6.6,41,19.3,0,0,0,0,39,50,3,38,0.8,26,57,Good
8/11/16,3.9,57,5.9,0,0,0,0,34,59,6,48,0.8,17,55,Good
9/11/16,4.7,76,6.5,0,0,0,0,148,183,12,81,2.42,3,190,Moderately Polluted
10/11/16,5.3,66,8.5,1,0,0,1,130,155,6,62,1.31,13,170,Moderately Polluted
12/11/16,8.2,64,6.7,0,0,0,0,74,122,9,64,1.5,11,99,Good
13/11/16,7.4,78,6.3,0,0,0,0,93,149,10,69,2.13,3,125,Lightly Polluted
14/11/16,7.3,22,14.6,0,0,0,0,42,80,3,34,0.94,37,78,Good
15/11/16,4.4,55,6.9,0,0,0,0,62,110,16,71,1.87,13,88,Good
16/11/16,5.3,68,5.7,0,0,0,0,97,142,14,79,2.19,7,129,Lightly Polluted
17/11/16,6.1,65,5,0,0,0,0,114,159,21,70,2.56,3,151,Moderately Polluted
18/11/16,6.5,89,5.2,1,0,0,1,188,279,19,85,3.75,2,239,Heavily Polluted
19/11/16,8.7,59,11.1,1,0,0,0,123,151,8,62,1.85,20,162,Moderately Polluted
20/11/16,1.5,84,15.4,1,1,0,0,52,59,3,41,1.14,9,73,Good
21/11/16,-2.9,39,31.3,0,1,0,0,9,14,2,13,0.36,54,26,Excellent
22/11/16,-3.4,36,19.3,0,0,0,0,7,20,3,18,0.39,47,28,Excellent
23/11/16,-1.8,34,13.3,0,0,0,0,17,31,7,31,0.55,32,33,Excellent
24/11/16,-1.9,54,5.7,0,0,0,0,67,93,16,64,1.33,13,94,Good
26/11/16,1.7,59,8.9,0,0,0,0,254,356,21,112,3.35,7,306,Severely Polluted
27/11/16,0.8,36,10.7,0,0,0,0,56,94,6,44,0.97,34,79,Good
28/11/16,0.2,53,5.4,0,0,0,0,58,95,16,73,1.57,8,81,Good
29/11/16,1.8,70,5.6,0,0,0,0,96,142,25,79,2.57,3,128,Lightly Polluted
30/11/16,4.4,45,12.2,0,0,0,0,89,127,14,65,2.15,22,123,Lightly Polluted
1/12/16,1.7,42,8,0,0,0,0,27,46,7,42,0.74,37,47,Excellent
2/12/16,1.3,54,5.6,0,0,0,0,92,116,18,81,1.98,8,123,Lightly Polluted
3/12/16,1.1,76,5,0,0,0,1,191,232,23,107,3.2,5,232,Heavily Polluted
4/12/16,2,67,6.3,0,0,0,1,246,301,17,102,3.57,9,291,Heavily Polluted
5/12/16,-0.5,35,15.6,0,0,0,0,49,79,7,40,1.07,31,78,Good
6/12/16,-0.7,48,6.1,0,0,0,0,75,115,19,85,2.11,7,103,Lightly Polluted
7/12/16,2.1,62,7,0,0,0,0,120,159,21,94,2.56,8,159,Moderately Polluted
8/12/16,2.6,36,20,0,0,0,0,91,125,10,54,1.79,34,132,Lightly Polluted
9/12/16,-0.7,42,7.8,0,0,0,0,21,36,8,38,0.7,32,37,Excellent
10/12/16,-1.7,46,5,0,0,0,0,46,70,14,62,1.39,11,67,Good
11/12/16,0.6,65,6.1,0,0,0,0,159,193,31,97,3.21,5,204,Heavily Polluted
12/12/16,1.9,58,8.5,0,0,0,0,219,242,38,101,2.92,6,270,Heavily Polluted
13/12/16,-0.2,29,13.3,0,0,0,0,56,60,9,50,1.25,26,78,Good
14/12/16,-1.9,36,7.4,0,0,0,0,24,38,9,42,0.74,32,40,Excellent
15/12/16,-1.3,36,15.6,0,0,0,0,25,51,9,40,0.85,31,51,Good
16/12/16,-0.8,50,5.4,0,0,0,0,101,134,20,87,2.07,8,135,Lightly Polluted
17/12/16,-1.1,68,4.3,0,0,0,1,184,211,30,102,3.14,5,229,Heavily Polluted
18/12/16,-0.8,64,5.6,0,0,0,1,219,245,24,100,3.42,7,270,Heavily Polluted
19/12/16,-0.3,68,4.6,0,0,0,1,214,247,22,107,3.88,7,265,Heavily Polluted
20/12/16,-2.1,94,5.6,0,1,0,1,365,422,8,133,7.67,4,409,Severely Polluted
21/12/16,0.8,73,6.5,0,0,0,1,393,429,10,152,7.97,4,429,Severely Polluted
22/12/16,0.4,35,18.3,0,0,0,0,93,170,6,45,1.95,39,151,Moderately Polluted
23/12/16,-2.3,45,6.7,0,0,0,0,31,42,7,43,0.74,26,47,Excellent
24/12/16,-3.1,67,4.4,0,0,0,0,117,143,24,86,2.57,6,155,Moderately Polluted
25/12/16,-0.6,68,5.9,0,0,0,0,145,167,27,94,2.81,4,191,Moderately Polluted
26/12/16,-1.6,30,10,0,0,0,0,45,54,15,47,1.01,31,64,Good
27/12/16,-1.6,46,9.3,0,0,0,0,35,53,8,41,0.81,31,54,Good
28/12/16,-2.2,32,19.3,0,0,0,0,57,74,9,37,0.97,29,85,Good
29/12/16,-3.9,44,6.7,0,0,0,0,54,79,11,49,1.02,19,75,Good
30/12/16,-5,68,3.9,0,0,0,0,201,245,19,96,3.17,4,249,Heavily Polluted
1/01/17,-4.4,87,5.9,0,1,0,1,430,501,8,131,6.43,4,454,Severely Polluted
2/01/17,-1.2,57,7,0,0,0,1,161,246,12,92,3.14,24,220,Heavily Polluted
3/01/17,-1.7,67,4.8,0,0,0,1,290,380,17,137,5.61,9,338,Severely Polluted
4/01/17,-0.1,80,6.9,0,0,0,1,344,452,18,145,7.28,8,393,Severely Polluted
5/01/17,-0.9,75,5,0,1,0,0,224,275,15,109,5.55,5,276,Heavily Polluted
6/01/17,0.4,73,3.9,0,0,0,0,194,190,23,104,4.28,7,245,Heavily Polluted
7/01/17,0.9,79,8.3,1,1,0,1,165,128,17,80,3.22,6,211,Heavily Polluted
8/01/17,2.7,34,24.6,0,0,0,0,36,22,9,33,0.97,42,54,Good
9/01/17,0.3,34,17.2,0,0,0,0,32,44,6,36,0.76,38,49,Excellent
10/01/17,-2.4,33,11.7,0,0,0,0,23,40,6,32,0.64,45,44,Excellent
11/01/17,-0.8,37,11.1,0,0,0,0,56,81,18,70,1.54,14,77,Good
12/01/17,1.7,30,21.7,0,0,0,0,39,57,11,46,0.88,38,59,Good
13/01/17,-1.7,20,23.2,0,0,0,0,7,20,4,19,0.38,60,30,Excellent
14/01/17,-2.1,35,8.3,0,1,0,0,18,37,10,41,0.8,32,35,Excellent
15/01/17,-3,70,6.7,0,1,0,0,51,69,10,48,0.99,18,72,Good
16/01/17,-1.6,71,4.1,0,1,0,0,92,107,17,65,1.71,4,123,Lightly Polluted
17/01/17,-2.6,60,7.8,0,0,0,0,132,144,20,71,2.11,10,176,Moderately Polluted
18/01/17,-2.3,43,8.3,0,1,0,0,37,50,9,48,0.83,26,53,Good
19/01/17,-5.8,32,32.6,0,0,0,0,45,88,13,36,1.17,39,85,Good
20/01/17,-6.2,36,8,0,0,0,0,21,34,7,31,0.69,48,40,Excellent
21/01/17,-5.1,25,23.5,0,0,0,0,25,49,9,28,0.78,48,53,Good
22/01/17,-6.6,37,7.2,0,0,0,0,23,34,10,38,0.79,37,36,Excellent
23/01/17,-6.8,46,5,0,0,0,0,32,44,12,45,0.98,29,46,Excellent
24/01/17,-3.4,45,5.7,0,0,0,0,85,100,27,73,2.04,15,114,Lightly Polluted
25/01/17,-2.9,61,4.3,0,0,0,0,171,186,38,91,3.22,14,221,Heavily Polluted
26/01/17,0.4,35,24.8,0,0,0,0,159,196,25,62,2.66,33,203,Heavily Polluted
27/01/17,-1.9,39,7.6,0,0,0,0,60,88,20,28,0.72,59,85,Good
28/01/17,-1.6,54,9.4,0,0,0,0,337,419,81,69,2.62,16,364,Severely Polluted
29/01/17,-4.4,25,23.7,0,0,0,0,39,75,10,16,0.72,61,80,Good
30/01/17,-2.3,18,9.8,0,0,0,0,24,31,9,19,0.56,62,47,Excellent
31/01/17,-1.5,22,9.4,0,0,0,0,75,86,27,40,1.26,45,102,Lightly Polluted
1/02/17,-3.1,25,9.1,0,0,0,0,30,49,12,24,0.6,56,54,Good
2/02/17,-2.3,30,6.7,0,0,0,0,80,101,29,58,1.53,31,107,Lightly Polluted
3/02/17,0.2,40,4.4,0,0,0,0,154,181,43,83,2.57,25,196,Moderately Polluted
4/02/17,3.3,38,9.8,0,0,0,0,247,280,49,92,3.23,33,294,Heavily Polluted
5/02/17,6.2,17,18,0,0,0,0,12,16,6,23,0.46,64,32,Excellent
6/02/17,0.4,27,9.4,0,0,0,0,12,23,6,26,0.47,55,35,Excellent
7/02/17,-1.9,64,7.4,0,1,0,0,75,93,20,59,1.51,17,101,Lightly Polluted
8/02/17,-0.8,25,29.1,0,0,0,0,32,50,6,26,0.73,56,60,Good
9/02/17,-0.9,21,31.7,0,0,0,0,6,20,2,10,0.3,73,36,Excellent
10/02/17,0.6,17,24.4,0,0,0,0,6,22,2,13,0.31,74,38,Excellent
11/02/17,0.2,29,6.9,0,0,0,0,42,66,17,43,0.87,45,62,Good
12/02/17,0.9,37,6.5,0,0,0,0,104,132,41,76,2.28,23,138,Lightly Polluted
13/02/17,3.4,36,8.3,0,0,0,0,79,104,23,66,2.06,32,109,Lightly Polluted
14/02/17,-1.1,74,7,0,0,0,0,176,190,30,95,2.89,12,225,Heavily Polluted
15/02/17,2.5,53,8.7,0,0,0,0,232,209,35,105,3.16,22,283,Heavily Polluted
16/02/17,3.7,22,23.2,0,0,0,0,107,71,18,54,1.44,47,145,Lightly Polluted
17/02/17,1,22,13,0,0,0,0,20,37,6,27,0.52,59,45,Excellent
18/02/17,3.5,35,8.1,0,0,0,0,83,119,25,71,1.58,25,111,Lightly Polluted
19/02/17,5,22,24.1,0,0,0,0,97,143,24,61,1.41,43,150,Lightly Polluted
20/02/17,-0.8,26,9.3,0,0,0,0,10,31,4,23,0.42,62,39,Excellent
21/02/17,-2.3,71,8.5,0,1,0,0,60,77,14,58,1.32,17,83,Good
22/02/17,1.5,45,19.8,0,0,0,0,76,50,6,40,1.08,41,106,Lightly Polluted
23/02/17,3.3,30,13,0,0,0,0,16,28,6,29,0.59,60,36,Excellent
24/02/17,6.3,26,15.4,0,0,0,0,25,39,9,43,0.76,45,43,Excellent
25/02/17,5.4,34,10.6,0,0,0,0,10,21,5,29,0.47,58,30,Excellent
26/02/17,5.6,39,7.2,0,0,0,0,27,45,9,49,0.76,41,44,Excellent
27/02/17,8.3,33,10.6,0,0,0,0,64,93,16,75,1.42,27,87,Good
28/02/17,10.1,20,16.1,1,0,0,0,14,29,6,32,0.52,58,34,Excellent
1/03/17,3.2,18,24.3,0,0,0,0,7,37,2,13,0.32,79,44,Excellent
2/03/17,5.9,28,7.6,0,0,0,0,36,73,11,50,0.81,40,61,Good
3/03/17,5.9,39,8.7,0,0,0,0,82,139,22,67,1.47,33,110,Lightly Polluted
4/03/17,6.9,30,9.8,0,0,0,0,83,107,24,68,1.54,47,112,Lightly Polluted
5/03/17,3.9,27,16.3,0,0,0,0,14,33,4,19,0.38,73,45,Excellent
6/03/17,3.1,27,19.6,0,1,0,0,16,44,5,34,0.61,48,44,Excellent
7/03/17,4.4,21,23.2,0,0,0,0,6,24,2,12,0.3,70,36,Excellent
8/03/17,9,16,23.9,0,0,0,0,9,29,2,20,0.39,68,35,Excellent
9/03/17,9.4,18,14.8,0,0,0,0,11,32,3,33,0.45,53,35,Excellent
10/03/17,11.8,20,7,0,0,0,0,30,60,10,59,0.79,41,55,Good
11/03/17,12.8,19,19.4,0,0,0,0,45,81,15,47,0.83,51,74,Good
12/03/17,6.8,15,11.9,0,0,0,0,6,27,2,11,0.26,79,41,Excellent
13/03/17,8.6,18,7,0,0,0,0,9,26,4,27,0.4,63,37,Excellent
14/03/17,9.1,23,9.1,0,0,0,0,17,44,6,38,0.52,52,42,Excellent
15/03/17,7.6,37,8.3,0,0,0,0,61,91,20,65,1.13,40,84,Good
16/03/17,10.6,37,10.2,0,0,0,0,112,153,23,86,1.35,39,149,Lightly Polluted
17/03/17,9.1,55,7.2,0,0,0,0,120,159,18,68,1.07,46,159,Moderately Polluted
18/03/17,12,41,9.1,0,0,0,0,140,168,14,65,1.13,67,184,Moderately Polluted
19/03/17,12.4,51,8,0,0,0,0,221,249,31,78,2.02,79,272,Heavily Polluted
20/03/17,7.2,73,8.5,1,0,0,0,142,146,18,72,1.34,39,184,Moderately Polluted
21/03/17,8.8,48,8.9,0,0,0,0,85,91,5,45,0.77,50,113,Lightly Polluted
22/03/17,10.2,50,7.4,1,0,0,0,131,170,17,77,1.21,39,173,Moderately Polluted
23/03/17,5.9,74,8.3,1,0,0,0,124,91,6,57,1.63,38,163,Moderately Polluted
24/03/17,3.3,92,6.1,1,0,0,0,59,0,2,46,0.96,34,82,Good
25/03/17,9.7,40,12.6,0,0,0,0,34,25,3,34,0.8,47,55,Good
26/03/17,9.5,35,16.1,1,0,0,0,11,26,2,20,0.33,70,36,Excellent
27/03/17,10.4,29,10,0,0,0,0,15,32,2,30,0.4,61,37,Excellent
28/03/17,10.4,51,8.9,0,0,0,0,56,90,8,50,0.65,52,80,Good
29/03/17,12.9,54,8.7,0,0,0,0,110,133,9,61,0.86,55,145,Lightly Polluted
30/03/17,11.7,35,11.1,1,0,0,0,88,131,14,54,1.14,46,119,Lightly Polluted
31/03/17,12.3,27,8.3,0,0,0,0,18,47,3,30,0.4,66,48,Excellent
1/04/17,13.7,28,9.4,0,0,0,0,28,73,5,50,0.58,48,61,Good
2/04/17,14.6,32,6.9,0,0,0,0,66,110,12,70,1.07,48,90,Good
3/04/17,17.6,40,9.8,0,0,0,0,122,168,19,76,1.26,74,159,Moderately Polluted
4/04/17,16.7,52,10.6,1,0,0,0,134,155,20,63,1.14,62,175,Moderately Polluted
5/04/17,14.2,69,12.4,0,0,0,0,61,60,5,27,0.61,95,83,Good
6/04/17,18.1,45,10,0,0,0,0,95,91,5,44,0.9,74,126,Lightly Polluted
7/04/17,14.1,63,7.2,1,0,0,0,76,120,7,43,0.79,60,103,Lightly Polluted
8/04/17,13.3,52,8.1,0,0,0,0,76,138,6,59,0.89,30,113,Lightly Polluted
9/04/17,14.1,40,9.6,0,0,0,0,63,100,6,45,0.88,46,86,Good
10/04/17,15.3,43,10.7,0,0,0,0,64,117,8,57,0.74,42,90,Good
11/04/17,13.5,21,15.4,0,0,0,0,27,66,3,31,0.38,62,61,Good
12/04/17,14.9,25,9.8,0,0,0,0,25,84,4,49,0.54,46,68,Good
13/04/17,13.7,39,7.6,0,0,0,0,52,131,13,60,1.03,49,91,Good
14/04/17,18.2,37,9.1,0,0,0,0,58,131,5,65,0.85,45,93,Good
15/04/17,23.1,21,12.8,0,0,0,0,34,86,4,48,0.48,63,69,Good
16/04/17,17.6,53,10,0,0,0,0,90,171,15,68,0.95,56,134,Lightly Polluted
17/04/17,20.6,22,22.4,0,0,0,0,125,215,7,54,0.95,57,180,Moderately Polluted
18/04/17,16,24,22.6,0,0,0,0,22,78,2,17,0.24,81,65,Good
19/04/17,10.2,60,6.5,1,0,0,0,41,113,6,67,0.8,20,83,Good
20/04/17,15.9,30,13.7,0,0,0,0,37,92,2,43,0.69,46,72,Good
21/04/17,16.7,32,11.7,0,0,0,0,16,56,2,20,0.29,74,55,Good
22/04/17,20.4,24,18.5,0,0,0,0,41,118,7,41,0.46,68,85,Good
23/04/17,16.8,32,12.8,0,0,0,0,22,71,3,21,0.37,86,60,Good
24/04/17,17.3,12,19.1,0,0,0,0,33,82,4,30,0.5,73,70,Good
25/04/17,13.5,26,8.3,0,0,0,0,11,37,2,22,0.27,59,39,Excellent
26/04/17,18.9,15,16.9,0,0,0,0,13,38,2,27,0.33,64,43,Excellent
27/04/17,23.4,10,20,0,0,0,0,14,46,2,32,0.31,62,45,Excellent
28/04/17,25.3,16,13.7,0,0,0,0,21,65,2,36,0.39,67,58,Good
29/04/17,25.6,24,15.4,0,0,0,0,38,99,2,39,0.39,69,75,Good
30/04/17,21,26,11.5,0,0,0,0,48,159,4,42,0.48,77,106,Lightly Polluted
1/05/17,19.9,30,8.9,0,0,0,0,40,112,7,44,0.7,71,82,Good
2/05/17,22.9,41,10.6,0,0,0,0,57,129,9,50,0.95,105,95,Good
3/05/17,20.5,50,13.3,1,0,0,0,72,121,8,47,0.85,79,104,Lightly Polluted
4/05/17,21.3,20,16.7,0,0,0,0,336,772,2,21,0.29,79,420,Severely Polluted
5/05/17,15.8,17,23.5,0,0,0,0,185,438,3,21,0.31,64,256,Heavily Polluted
6/05/17,21.7,22,17,0,0,0,0,31,90,2,32,0.36,68,71,Good
7/05/17,23.9,26,11.7,0,0,0,0,26,75,3,40,0.4,78,64,Good
8/05/17,23.6,35,9.1,0,0,0,0,52,109,6,52,0.56,96,84,Good
9/05/17,21,48,13.1,0,0,0,0,45,97,6,25,0.51,107,81,Good
10/05/17,23.6,34,11.5,0,0,0,0,37,68,3,29,0.46,87,64,Good
11/05/17,21.3,15,23.3,0,0,0,0,28,130,3,30,0.32,69,91,Good
12/05/17,22.4,18,18.5,0,0,0,0,42,166,4,23,0.39,90,109,Lightly Polluted
13/05/17,23.4,22,22.4,0,0,0,0,18,71,2,15,0.25,72,61,Good
14/05/17,21.9,27,9.8,0,0,0,0,11,37,2,15,0.28,87,47,Excellent
15/05/17,22.4,28,8.7,0,0,0,0,20,58,5,23,0.52,94,58,Good
16/05/17,25.1,36,11.5,0,0,0,0,40,88,8,28,0.59,126,87,Good
17/05/17,25.3,50,7.2,0,0,0,0,58,111,8,34,0.68,151,118,Lightly Polluted
18/05/17,28.8,47,9.8,0,0,0,0,79,143,9,50,0.82,169,144,Lightly Polluted
19/05/17,29,43,12.6,0,0,0,0,83,152,8,39,0.79,153,145,Lightly Polluted
20/05/17,28,45,11.7,0,0,0,0,54,124,8,37,0.7,131,115,Lightly Polluted
21/05/17,23.8,52,11.9,1,0,0,0,56,98,14,26,0.94,123,93,Good
22/05/17,15.9,91,8.5,1,0,0,0,42,60,7,33,1.15,40,62,Good
23/05/17,22.6,41,9.6,0,0,0,0,17,37,3,28,0.36,96,48,Excellent
24/05/17,26.6,26,14.6,0,0,0,0,16,51,2,41,0.38,77,54,Good
25/05/17,22.9,41,15.4,0,0,0,0,20,82,5,37,0.53,90,70,Good
26/05/17,22.7,43,8.1,0,0,0,0,43,94,8,48,0.58,110,90,Good
27/05/17,24.7,48,8.7,0,0,0,0,65,116,19,45,1.29,154,110,Lightly Polluted
28/05/17,29.4,40,14.6,1,0,0,0,87,137,15,34,1.36,167,150,Lightly Polluted
29/05/17,21.1,61,8.5,1,0,1,0,28,88,7,24,0.66,92,74,Good
30/05/17,21.4,70,7,1,0,0,0,39,68,2,36,0.64,91,69,Good
31/05/17,25.4,47,11.3,0,0,0,0,65,105,3,43,0.75,115,117,Lightly Polluted
1/06/17,25.4,29,13.5,1,0,0,0,22,56,3,27,0.6,113,69,Good
2/06/17,17.5,54,10.9,1,0,0,0,22,65,11,36,0.94,53,59,Good
3/06/17,22.1,39,9.8,0,0,0,0,28,55,4,34,0.69,75,60,Good
4/06/17,25.2,36,7.8,0,0,0,0,45,89,9,47,0.63,111,95,Good
5/06/17,24.6,43,9.6,1,0,0,0,63,113,15,59,0.91,119,108,Lightly Polluted
6/06/17,16.9,84,6.1,1,0,0,0,35,46,2,23,0.5,81,55,Good
7/06/17,23.7,46,8.5,1,0,0,0,45,53,2,29,0.6,85,78,Good
8/06/17,25.2,39,9.1,1,0,0,0,23,53,2,51,0.55,63,54,Good
9/06/17,28.1,29,14.6,0,0,0,0,28,88,4,50,0.59,103,89,Good
10/06/17,23.4,27,11.3,0,0,0,0,20,70,10,31,0.77,83,65,Good
11/06/17,23.9,30,8,1,0,0,0,31,83,6,46,0.64,88,79,Good
12/06/17,22.9,41,10,1,0,0,0,33,78,15,43,1.08,92,71,Good
13/06/17,21.9,56,10,1,0,0,0,39,62,4,41,0.81,98,68,Good
14/06/17,28.6,31,11.3,0,0,0,0,36,59,2,45,0.72,106,83,Good
15/06/17,31.2,28,11.5,0,0,0,0,37,89,3,44,0.59,150,104,Lightly Polluted
16/06/17,31.7,28,14.6,0,0,0,0,57,124,5,39,0.62,155,115,Lightly Polluted
17/06/17,30.7,33,14.1,0,0,0,0,79,155,10,36,0.87,177,134,Lightly Polluted
18/06/17,26.8,52,13.9,1,0,1,0,71,128,10,30,0.84,166,130,Lightly Polluted
19/06/17,28.3,41,10.7,0,0,0,0,35,58,2,25,0.57,146,91,Good
20/06/17,28.4,44,9.8,0,0,0,0,31,64,3,24,0.61,157,96,Good
21/06/17,25.7,61,9.8,1,0,1,0,49,83,7,28,0.86,151,101,Lightly Polluted
22/06/17,20.2,93,8.1,1,0,1,0,31,27,1,23,0.77,94,58,Good
23/06/17,19.4,93,9.3,1,0,1,0,18,11,2,18,0.66,85,46,Excellent
24/06/17,22.4,73,9.1,0,0,0,0,19,26,2,19,0.5,77,40,Excellent
25/06/17,24.6,65,10.6,1,0,1,0,25,44,2,30,0.5,84,63,Good
26/06/17,28.9,51,8,0,0,0,0,22,45,1,34,0.44,104,69,Good
27/06/17,28.3,60,9.1,0,0,0,0,69,106,5,39,0.79,150,135,Lightly Polluted
28/06/17,28.7,64,8.3,1,0,0,0,94,124,7,40,1.17,154,138,Lightly Polluted
29/06/17,29.1,58,10.2,0,0,0,0,59,86,5,30,0.82,152,108,Lightly Polluted
30/06/17,29.7,60,9.4,0,0,0,0,71,111,2,36,0.84,159,127,Lightly Polluted
1/07/17,29.9,61,8.9,0,0,0,0,89,132,3,40,0.97,154,137,Lightly Polluted
2/07/17,28.5,65,10,0,0,0,0,93,122,6,31,1.08,157,157,Moderately Polluted
3/07/17,27.6,70,7.6,1,0,1,0,59,77,2,28,0.81,103,88,Good
4/07/17,25.5,87,6.5,1,0,1,0,48,55,2,37,0.8,88,73,Good
5/07/17,28.1,74,10.2,1,0,0,0,82,92,2,36,1.02,116,117,Lightly Polluted
6/07/17,23.4,91,10,1,0,1,0,69,49,3,31,1.37,71,96,Good
7/07/17,25.9,73,13.7,1,0,1,0,31,38,2,18,0.73,113,65,Good
8/07/17,27.9,73,7.2,0,0,0,0,36,57,1,28,0.63,129,80,Good
9/07/17,29.7,60,9.6,0,0,1,0,73,98,2,28,1.02,152,125,Lightly Polluted
10/07/17,29.5,56,7.8,0,0,0,0,24,52,2,30,0.5,124,80,Good
11/07/17,29.3,68,6.5,1,0,0,0,43,88,3,40,0.78,171,118,Lightly Polluted
12/07/17,31.7,67,10.2,0,0,0,0,73,131,3,38,0.92,165,136,Lightly Polluted
13/07/17,30.1,73,13.3,1,0,1,0,65,93,3,24,0.74,131,101,Lightly Polluted
14/07/17,27.8,79,10.6,1,0,1,0,32,62,2,34,0.64,112,71,Good
15/07/17,27.1,83,4.8,1,0,0,0,34,45,2,26,0.89,111,71,Good
16/07/17,29.3,76,6.7,0,0,0,0,63,84,2,34,1.11,123,110,Lightly Polluted
17/07/17,28.7,79,7.2,1,0,0,0,53,71,2,28,1.01,105,84,Good
18/07/17,27.7,86,7.6,1,0,0,0,62,80,2,26,0.89,91,87,Good
19/07/17,29.1,80,7,0,0,0,0,73,83,2,24,0.75,101,101,Lightly Polluted
20/07/17,28.7,86,8.3,1,0,1,0,96,113,2,29,0.78,104,127,Lightly Polluted
21/07/17,22.7,88,8,1,0,0,0,22,24,2,24,0.67,60,43,Excellent
22/07/17,25.1,80,5.7,0,0,0,0,21,35,2,29,0.61,46,37,Excellent
23/07/17,25.7,83,5,1,0,0,0,41,58,2,35,0.69,52,60,Good
24/07/17,26.1,86,6.5,0,0,0,0,40,57,2,38,0.76,26,60,Good
25/07/17,26.6,72,8.7,1,0,0,0,31,48,3,31,0.81,71,58,Good
26/07/17,21.5,85,7.2,1,0,0,0,21,33,2,29,0.68,62,41,Excellent
27/07/17,25.3,80,7.2,0,0,0,0,38,64,2,44,0.93,49,58,Good
28/07/17,25.9,71,6.3,1,0,0,0,26,57,2,41,0.71,62,54,Good
29/07/17,24.6,74,9.6,0,0,0,0,31,59,2,37,0.66,79,63,Good
30/07/17,26,70,8.3,0,0,0,0,36,66,2,33,0.65,104,83,Good
31/07/17,27.5,73,7.4,0,0,0,0,75,100,2,34,0.92,143,128,Lightly Polluted
1/08/17,28.2,78,8.5,0,0,0,0,67,86,2,29,0.96,92,98,Good
2/08/17,27,87,10.6,1,0,1,0,33,50,3,24,1.04,47,51,Good
3/08/17,30.6,66,10.7,0,0,0,0,19,37,2,17,0.6,85,47,Excellent
4/08/17,30.4,55,10.9,0,0,0,0,20,43,2,34,0.54,92,68,Good
5/08/17,27.6,74,8.5,1,0,1,0,25,57,2,33,0.62,108,75,Good
6/08/17,29.7,51,10.7,0,0,0,0,16,33,2,27,0.47,87,53,Good
7/08/17,29.6,56,8.3,0,0,0,0,9,32,2,29,0.4,90,50,Excellent
8/08/17,26.7,71,6.7,1,0,1,0,27,67,2,37,0.64,121,96,Good
9/08/17,24.9,82,5.9,1,0,0,0,21,34,2,23,0.54,103,59,Good
10/08/17,28.1,76,8.3,0,0,0,0,62,83,2,31,0.75,106,90,Good
11/08/17,25.3,81,8.7,1,0,1,0,89,98,2,36,1.14,88,123,Lightly Polluted
12/08/17,22.7,92,9.4,1,0,1,0,29,36,2,34,0.73,68,46,Excellent
13/08/17,24.2,86,8.3,1,0,1,0,39,50,2,34,0.87,49,60,Good
14/08/17,26.4,76,7.2,0,0,0,0,26,40,2,25,0.74,83,52,Good
15/08/17,27.3,78,7.6,0,0,0,0,52,73,3,30,0.91,94,77,Good
16/08/17,23.9,85,7.6,1,0,1,0,56,71,2,36,0.86,62,87,Good
17/08/17,26.1,72,7,0,0,0,0,21,34,2,26,0.67,73,48,Excellent
18/08/17,24.8,84,6.5,1,0,1,0,51,72,2,50,1.14,60,76,Good
19/08/17,25.1,82,5.4,1,0,0,0,41,50,2,31,1,75,64,Good
20/08/17,26.7,79,4.8,1,0,0,0,59,71,2,35,1.19,77,84,Good
21/08/17,29.1,74,7,0,0,0,0,68,92,2,36,1.04,108,103,Lightly Polluted
22/08/17,26.2,89,8.9,1,0,0,0,77,94,2,33,0.93,67,104,Lightly Polluted
23/08/17,27.2,74,9.4,1,0,0,0,10,28,2,25,0.51,81,48,Excellent
24/08/17,24.9,47,14.3,0,0,0,0,13,36,2,35,0.52,40,41,Excellent
25/08/17,25.1,41,12.6,0,0,0,0,8,34,2,35,0.41,38,38,Excellent
26/08/17,24.3,53,10.4,1,0,0,0,13,53,2,46,0.52,29,50,Excellent
27/08/17,17,97,8,1,0,0,0,16,27,2,27,0.52,55,35,Excellent
28/08/17,21.1,60,9.1,0,0,0,0,18,17,2,25,0.49,39,36,Excellent
29/08/17,21.1,54,10.6,0,0,0,0,14,45,3,34,0.47,41,43,Excellent
30/08/17,23.1,70,7.8,0,0,0,0,50,85,3,42,0.79,70,74,Good
31/08/17,22.7,76,7.2,1,0,0,0,79,97,2,33,0.88,65,106,Lightly Polluted
1/09/17,23.3,78,7.4,0,0,0,0,134,149,2,38,1.39,71,177,Moderately Polluted
2/09/17,23.2,74,9.1,0,0,0,0,109,118,2,32,1.16,79,148,Lightly Polluted
3/09/17,23.8,70,10,0,0,0,0,55,77,3,29,0.77,87,77,Good
4/09/17,24.1,70,8.5,1,0,0,0,87,111,3,34,0.9,93,117,Lightly Polluted
5/09/17,25.3,44,15.4,0,0,0,0,39,59,2,33,0.65,51,67,Good
6/09/17,23.2,52,6.7,0,0,0,0,14,47,2,40,0.48,56,47,Excellent
7/09/17,25.2,66,5.9,0,0,0,0,42,97,2,46,0.72,102,85,Good
8/09/17,26.7,72,10.4,0,0,0,0,106,134,2,58,1.08,51,139,Lightly Polluted
9/09/17,25.2,80,8.9,0,0,0,0,78,115,2,31,1.12,148,110,Lightly Polluted
10/09/17,20.8,91,7.2,1,0,1,0,90,104,3,40,1.14,56,121,Lightly Polluted
11/09/17,20.9,57,8.1,0,0,0,0,19,36,2,38,0.5,46,43,Excellent
12/09/17,23.4,58,7,0,0,0,0,19,55,1,41,0.5,59,50,Excellent
13/09/17,24.1,75,6.1,0,0,0,0,70,120,5,56,1.07,94,101,Lightly Polluted
14/09/17,24.3,63,7.4,0,0,0,0,86,125,4,47,1.03,89,125,Lightly Polluted
15/09/17,21.3,77,5,1,0,0,0,58,98,3,59,0.84,59,83,Good
16/09/17,21.3,74,5.9,1,0,0,0,87,124,3,60,1.04,74,116,Lightly Polluted
17/09/17,20.4,50,7.2,0,0,0,0,10,30,2,32,0.37,53,36,Excellent
18/09/17,22.1,53,7.4,0,0,0,0,21,70,2,53,0.55,62,61,Good
19/09/17,20.8,36,14.6,0,0,0,0,12,48,2,44,0.44,42,47,Excellent
20/09/17,20.4,49,6.5,0,0,0,0,12,51,2,44,0.41,47,47,Excellent
21/09/17,22.3,61,9.4,0,0,0,0,55,115,7,73,0.94,66,88,Good
22/09/17,20.3,34,11.9,0,0,0,0,24,90,2,38,0.46,53,69,Good
23/09/17,20.7,64,6.7,0,0,0,0,46,183,5,68,0.82,47,117,Lightly Polluted
24/09/17,24.2,58,8.5,0,0,1,0,59,146,4,54,0.97,84,100,Good
25/09/17,23,78,6.3,1,0,0,0,75,129,7,45,1.44,79,103,Lightly Polluted
26/09/17,16.1,73,11.3,1,0,0,0,48,67,2,40,0.71,35,74,Good
27/09/17,15.1,53,9.6,0,0,0,0,26,58,3,47,0.92,14,53,Good
28/09/17,16.1,27,12.4,0,0,0,0,9,33,2,27,0.32,41,33,Excellent
29/09/17,16.4,58,5.9,0,0,0,0,40,95,3,67,0.72,34,74,Good
30/09/17,19.2,78,7.2,0,0,0,0,107,155,4,66,1.11,56,144,Lightly Polluted
1/10/17,21.6,34,11.1,0,0,0,0,73,91,1,47,0.75,52,111,Lightly Polluted
2/10/17,12.8,73,6.9,1,0,0,0,12,44,3,32,0.5,24,42,Excellent
3/10/17,13.3,51,6.9,0,0,0,0,15,33,1,32,0.43,23,34,Excellent
5/10/17,14.5,67,8.7,0,0,0,0,53,77,4,38,0.72,45,74,Good
6/10/17,16,74,6.1,0,0,0,0,67,89,5,47,0.78,43,91,Good
7/10/17,15.5,87,4.6,1,0,0,0,109,131,2,71,1.11,11,146,Lightly Polluted
8/10/17,15.6,91,6.5,1,0,0,1,126,91,2,67,1.26,5,168,Moderately Polluted
9/10/17,11.7,92,13.1,1,0,0,0,29,10,2,29,0.64,20,45,Excellent
10/10/17,9.5,87,7.8,1,0,0,0,5,8,2,18,0.33,31,19,Excellent
11/10/17,10.9,70,7.4,1,0,0,0,10,20,2,26,0.41,22,22,Excellent
12/10/17,9.6,72,7.2,1,0,0,0,19,35,2,37,0.49,22,35,Excellent
13/10/17,12.2,57,9.1,0,0,0,0,35,53,1,45,0.75,22,53,Good
14/10/17,10.9,68,8.3,1,0,0,0,14,32,3,41,0.61,18,34,Excellent
15/10/17,11.7,80,6.5,1,0,0,0,46,52,2,38,1.01,21,64,Good
16/10/17,12.2,64,5.6,0,0,0,0,38,51,3,39,0.92,29,56,Good
17/10/17,14,81,5,1,0,0,0,68,80,2,46,1.19,25,92,Good
18/10/17,12.2,97,5.7,1,0,0,1,67,22,2,44,1.18,17,90,Good
19/10/17,13.9,84,6.3,0,0,0,1,53,20,1,36,1.16,24,74,Good
20/10/17,13.1,89,5.9,0,0,0,1,93,47,2,44,1.36,25,123,Lightly Polluted
21/10/17,14.3,70,8.1,1,0,0,0,75,57,2,36,1.31,36,103,Lightly Polluted
22/10/17,9.9,80,5.2,0,0,0,0,37,47,3,41,0.89,16,54,Good
23/10/17,10.8,68,5.7,0,0,0,0,34,43,2,36,0.66,24,49,Excellent
24/10/17,11.4,78,5.6,0,0,0,0,66,76,2,44,0.91,30,90,Good
25/10/17,11.8,88,3.9,0,0,0,1,106,58,2,52,1.27,16,141,Lightly Polluted
26/10/17,11.7,91,3.7,0,0,0,1,149,17,2,65,1.56,11,195,Moderately Polluted
27/10/17,12.7,84,7,0,0,0,1,166,0,2,65,1.54,20,217,Heavily Polluted
28/10/17,9.2,30,23.2,0,0,0,0,47,48,1,26,0.66,38,78,Good
29/10/17,9.1,26,17.2,0,0,0,0,7,21,2,24,0.34,39,27,Excellent
30/10/17,7.4,45,7.2,0,0,0,0,17,41,3,44,0.53,24,40,Excellent
31/10/17,8,68,6.1,0,0,0,0,56,98,4,69,0.94,7,83,Good
1/11/17,10.4,55,6.1,0,0,0,0,63,99,2,76,1.01,12,88,Good
2/11/17,10.8,44,10,0,0,0,0,50,84,5,55,0.91,27,75,Good
3/11/17,4,49,6.9,0,0,0,0,7,27,2,27,0.34,39,28,Excellent
4/11/17,5.4,62,5.9,0,0,0,0,33,60,3,51,0.73,22,56,Good
5/11/17,6.1,79,5.4,0,0,0,0,98,118,5,67,1.23,17,131,Lightly Polluted
6/11/17,7.8,78,4.8,0,0,0,0,151,136,4,67,1.48,25,200,Moderately Polluted
7/11/17,9.9,40,15.4,0,0,0,0,86,74,2,43,0.93,35,129,Lightly Polluted
8/11/17,7.3,55,7.4,0,0,0,0,18,42,5,48,0.79,19,41,Excellent
9/11/17,9.6,62,10.2,0,0,0,0,50,89,5,61,1.34,8,75,Good
10/11/17,5.4,30,24.8,0,0,0,0,9,39,2,15,0.31,49,40,Excellent
11/11/17,2.2,50,6.7,0,0,0,0,16,34,3,34,0.42,24,35,Excellent
12/11/17,3.4,58,7,0,0,0,0,53,89,5,61,0.97,7,75,Good
13/11/17,6.1,21,23,0,0,0,0,26,71,2,30,0.62,38,63,Good
14/11/17,0.7,28,15.6,0,0,0,0,9,27,2,23,0.44,39,30,Excellent
15/11/17,-0.2,35,6.7,0,0,0,0,14,36,2,35,0.51,35,38,Excellent
16/11/17,1.1,48,7.4,0,0,0,0,55,83,9,69,1.29,10,76,Good
17/11/17,1.1,19,30.4,0,0,0,0,24,59,4,32,0.67,40,57,Good
18/11/17,-1.1,30,12.2,0,0,0,0,34,54,5,31,0.58,38,54,Good
19/11/17,-2.3,53,5.9,0,0,0,0,86,114,8,69,1.27,8,115,Lightly Polluted
20/11/17,0.7,45,5.9,0,0,0,0,101,128,10,83,1.82,11,135,Lightly Polluted
21/11/17,4.3,35,16.5,0,0,0,0,119,161,11,85,1.83,20,166,Moderately Polluted
22/11/17,3.2,21,21.1,0,0,0,0,7,33,2,16,0.33,52,35,Excellent
23/11/17,2.1,24,18.9,0,0,0,0,6,28,2,19,0.37,43,31,Excellent
24/11/17,1.9,30,10.4,0,0,0,0,18,44,5,31,0.53,33,40,Excellent
25/11/17,2.6,42,12,0,0,0,0,39,74,7,57,0.97,16,63,Good
26/11/17,-1.2,33,8.9,0,0,0,0,10,27,2,22,0.39,49,36,Excellent
27/11/17,-0.7,69,5.9,0,0,0,0,67,92,9,69,1.37,8,91,Good
28/11/17,0.1,23,20.9,0,0,0,0,39,78,4,39,0.86,36,75,Good
29/11/17,-4.3,34,7.8,0,0,0,0,12,32,3,32,0.48,33,34,Excellent
30/11/17,-1.8,31,13.7,0,0,0,0,22,46,6,41,0.68,28,45,Excellent
1/12/17,-2.2,46,6.1,0,0,0,0,67,99,10,66,1.26,12,91,Good
2/12/17,-1.6,61,5.9,0,0,0,0,144,177,15,103,2.24,5,187,Moderately Polluted
3/12/17,0.4,26,16.3,0,0,0,0,52,72,6,41,0.92,40,79,Good
4/12/17,-0.7,25,16.1,0,0,0,0,5,21,1,15,0.34,53,28,Excellent
5/12/17,0.4,35,11.5,0,0,0,0,22,46,5,43,0.72,27,44,Excellent
6/12/17,2.7,29,13.9,0,0,0,0,23,53,6,41,0.78,32,49,Excellent
7/12/17,0.8,28,22.2,0,0,0,0,8,25,4,19,0.42,39,27,Excellent
8/12/17,0.2,37,8.1,0,0,0,0,20,43,5,40,0.73,23,41,Excellent
9/12/17,4.2,27,13.3,0,0,0,0,33,62,8,58,1.04,16,56,Good
10/12/17,0.2,24,19.1,0,0,0,0,6,45,2,13,0.28,61,43,Excellent
11/12/17,-4.3,24,16.7,0,0,0,0,5,20,2,15,0.32,54,28,Excellent
12/12/17,-7.1,36,6.9,0,0,0,0,12,25,3,30,0.55,27,28,Excellent
13/12/17,-4.2,36,5.6,0,0,0,0,31,49,6,50,0.87,10,49,Excellent
14/12/17,-3.1,51,7.4,0,0,0,0,70,85,18,68,1.76,6,94,Good
15/12/17,-1.4,27,23.2,0,0,0,0,35,57,6,34,0.85,37,62,Good
16/12/17,-5.8,35,13.3,0,0,0,0,7,39,1,10,0.32,58,40,Excellent
17/12/17,-1.8,34,9.1,0,0,0,0,24,48,5,48,0.76,30,46,Excellent
18/12/17,-0.1,29,19.1,0,0,0,0,13,49,3,21,0.44,47,48,Excellent
19/12/17,-2.2,40,8.1,0,0,0,0,34,66,8,47,0.74,20,55,Good
20/12/17,0.3,40,13,0,0,0,0,21,44,4,40,0.65,36,44,Excellent
21/12/17,-0.6,48,5.7,0,0,0,0,51,77,12,77,1.33,9,74,Good
22/12/17,1.6,32,9.6,0,0,0,0,36,63,9,55,1.07,29,62,Good
23/12/17,1.6,35,7.8,0,0,0,0,30,55,10,60,1.02,13,50,Excellent
24/12/17,0.7,24,22.6,0,0,0,0,14,50,3,17,0.42,59,50,Excellent
25/12/17,-1.1,31,7.6,0,0,0,0,28,46,8,44,0.69,28,46,Excellent
26/12/17,-1.9,50,6.7,0,0,0,0,22,42,6,45,0.73,31,41,Excellent
27/12/17,-3.3,71,6.7,0,0,0,0,75,91,10,69,1.45,7,101,Lightly Polluted
28/12/17,-3.2,77,4.1,0,0,0,1,105,120,11,68,1.86,10,140,Lightly Polluted
29/12/17,-3.4,91,5.2,0,1,0,1,172,194,6,85,2.9,6,221,Heavily Polluted
30/12/17,-1.4,39,9.4,0,0,0,1,116,129,4,62,2.03,22,157,Moderately Polluted